date,deaths_0044,deaths_4564,deaths_6574,deaths_7584,deaths_85p,tmean,year,dow
2011-01-01,2,2,2,5,3,4.56,2011,Saturday
2011-01-02,0,1,5,4,7,5.37,2011,Sunday
2011-01-03,0,3,3,0,9,2.38,2011,Monday
2011-01-04,0,0,4,6,9,-0.72,2011,Tuesday
2011-01-05,0,0,0,12,7,0.34,2011,Wednesday
2011-01-06,0,0,2,3,7,4.62,2011,Thursday
2011-01-07,1,1,5,3,8,9.62,2011,Friday
2011-01-08,0,0,0,2,9,9.14,2011,Saturday
2011-01-09,0,2,1,7,9,7.33,2011,Sunday
2011-01-10,0,1,0,6,12,8.21,2011,Monday
2011-01-11,1,2,2,3,7,6.86,2011,Tuesday
2011-01-12,0,0,0,4,7,6.13,2011,Wednesday
2011-01-13,0,0,2,3,8,4.49,2011,Thursday
2011-01-14,0,1,1,2,10,5.55,2011,Friday
2011-01-15,0,1,2,5,6,6.82,2011,Saturday
2011-01-16,0,0,1,2,7,6.29,2011,Sunday
2011-01-17,0,2,1,8,10,5.19,2011,Monday
2011-01-18,0,1,3,6,6,6.04,2011,Tuesday
2011-01-19,0,0,2,3,6,5.68,2011,Wednesday
2011-01-20,2,1,1,3,2,3.27,2011,Thursday
2011-01-21,0,0,2,4,6,1.69,2011,Friday
2011-01-22,0,0,1,7,6,0.46,2011,Saturday
2011-01-23,0,1,0,3,6,-0.78,2011,Sunday
2011-01-24,0,1,2,9,11,0.4,2011,Monday
2011-01-25,0,2,2,5,3,0.57,2011,Tuesday
2011-01-26,0,3,2,8,4,2.13,2011,Wednesday
2011-01-27,0,1,0,5,2,3.14,2011,Thursday
2011-01-28,0,1,2,3,5,3.44,2011,Friday
2011-01-29,1,0,1,2,9,2.32,2011,Saturday
2011-01-30,0,1,3,7,8,2.41,2011,Sunday
2011-01-31,1,1,0,5,4,3.6,2011,Monday
2011-02-01,0,3,2,5,9,3.09,2011,Tuesday
2011-02-02,0,3,1,5,6,2.4,2011,Wednesday
2011-02-03,0,0,2,5,14,2.33,2011,Thursday
2011-02-04,0,1,1,4,11,5.54,2011,Friday
2011-02-05,0,0,1,5,3,7.47,2011,Saturday
2011-02-06,2,0,2,5,5,7.76,2011,Sunday
2011-02-07,1,2,1,1,7,7.76,2011,Monday
2011-02-08,0,0,2,4,7,6.2,2011,Tuesday
2011-02-09,1,0,3,6,8,5.61,2011,Wednesday
2011-02-10,0,2,3,4,10,5.53,2011,Thursday
2011-02-11,1,0,0,2,11,5.09,2011,Friday
2011-02-12,0,2,0,5,8,6.58,2011,Saturday
2011-02-13,0,0,1,4,6,6.92,2011,Sunday
2011-02-14,0,0,1,5,6,7.43,2011,Monday
2011-02-15,0,0,0,5,6,7.24,2011,Tuesday
2011-02-16,0,1,1,5,9,7.24,2011,Wednesday
2011-02-17,0,1,2,3,5,7.65,2011,Thursday
2011-02-18,1,0,0,1,4,6.92,2011,Friday
2011-02-19,1,0,1,3,5,8.04,2011,Saturday
2011-02-20,0,1,4,2,2,6.15,2011,Sunday
2011-02-21,0,0,0,4,10,5.64,2011,Monday
2011-02-22,0,1,2,2,7,4.06,2011,Tuesday
2011-02-23,1,0,3,7,8,2.35,2011,Wednesday
2011-02-24,0,0,1,3,1,1,2011,Thursday
2011-02-25,0,4,1,1,8,2.08,2011,Friday
2011-02-26,1,0,4,4,8,2.42,2011,Saturday
2011-02-27,0,1,1,2,6,2.83,2011,Sunday
2011-02-28,0,2,1,2,6,4.32,2011,Monday
2011-03-01,0,1,2,2,12,3.32,2011,Tuesday
2011-03-02,0,4,1,8,7,1.19,2011,Wednesday
2011-03-03,0,2,0,1,7,1.49,2011,Thursday
2011-03-04,0,1,0,5,7,4.37,2011,Friday
2011-03-05,0,1,1,7,7,4.62,2011,Saturday
2011-03-06,0,2,3,3,5,7.68,2011,Sunday
2011-03-07,0,0,2,5,6,3.37,2011,Monday
2011-03-08,0,2,0,3,11,1.87,2011,Tuesday
2011-03-09,1,1,1,4,7,3.39,2011,Wednesday
2011-03-10,0,1,2,3,10,4.33,2011,Thursday
2011-03-11,0,1,0,5,8,5.58,2011,Friday
2011-03-12,0,2,2,2,3,6.38,2011,Saturday
2011-03-13,0,2,2,3,4,6.87,2011,Sunday
2011-03-14,3,0,1,6,8,10.62,2011,Monday
2011-03-15,0,1,2,3,6,11.95,2011,Tuesday
2011-03-16,0,0,2,6,6,11.22,2011,Wednesday
2011-03-17,0,2,1,4,4,9.84,2011,Thursday
2011-03-18,1,2,2,7,7,10.97,2011,Friday
2011-03-19,0,1,2,1,6,8.68,2011,Saturday
2011-03-20,0,0,2,3,3,7.26,2011,Sunday
2011-03-21,0,0,0,2,10,5.98,2011,Monday
2011-03-22,0,2,2,2,7,6.97,2011,Tuesday
2011-03-23,1,2,4,6,7,8.07,2011,Wednesday
2011-03-24,0,3,0,1,5,11.7,2011,Thursday
2011-03-25,0,2,2,7,8,10.91,2011,Friday
2011-03-26,0,2,2,2,2,9.17,2011,Saturday
2011-03-27,0,1,2,2,5,9.3,2011,Sunday
2011-03-28,0,0,3,10,6,10.58,2011,Monday
2011-03-29,0,0,1,6,8,11.86,2011,Tuesday
2011-03-30,1,0,1,3,4,11.5,2011,Wednesday
2011-03-31,1,2,1,2,4,12.48,2011,Thursday
2011-04-01,0,2,2,2,7,15.14,2011,Friday
2011-04-02,0,0,1,2,7,15.57,2011,Saturday
2011-04-03,0,0,1,1,5,13.27,2011,Sunday
2011-04-04,0,0,1,4,3,12.71,2011,Monday
2011-04-05,0,1,0,3,7,12.78,2011,Tuesday
2011-04-06,1,0,2,4,6,13.9,2011,Wednesday
2011-04-07,0,0,1,5,0,15.99,2011,Thursday
2011-04-08,0,1,3,4,3,14.7,2011,Friday
2011-04-09,0,0,1,2,4,16.31,2011,Saturday
2011-04-10,0,0,3,3,6,16.75,2011,Sunday
2011-04-11,0,1,0,3,7,16.18,2011,Monday
2011-04-12,0,1,1,0,7,15.05,2011,Tuesday
2011-04-13,1,0,1,4,7,11.62,2011,Wednesday
2011-04-14,0,1,2,4,6,9.54,2011,Thursday
2011-04-15,0,0,2,1,3,9.26,2011,Friday
2011-04-16,0,1,0,1,13,9.63,2011,Saturday
2011-04-17,0,1,1,1,9,9.9,2011,Sunday
2011-04-18,0,0,2,3,4,10.65,2011,Monday
2011-04-19,0,0,2,1,6,11.57,2011,Tuesday
2011-04-20,0,1,1,4,5,13.65,2011,Wednesday
2011-04-21,0,0,1,3,8,14.95,2011,Thursday
2011-04-22,0,1,0,3,10,15.09,2011,Friday
2011-04-23,0,0,4,4,8,13.94,2011,Saturday
2011-04-24,0,1,0,4,4,14.76,2011,Sunday
2011-04-25,0,2,2,4,8,14.88,2011,Monday
2011-04-26,0,2,2,4,5,14.59,2011,Tuesday
2011-04-27,0,0,3,4,6,13.14,2011,Wednesday
2011-04-28,0,0,1,1,6,12.07,2011,Thursday
2011-04-29,0,1,1,7,2,12.39,2011,Friday
2011-04-30,0,1,2,2,7,13.09,2011,Saturday
2011-05-01,0,0,1,3,4,15.78,2011,Sunday
2011-05-02,0,0,1,4,6,15.61,2011,Monday
2011-05-03,0,0,1,5,5,15.98,2011,Tuesday
2011-05-04,0,2,2,1,9,13.55,2011,Wednesday
2011-05-05,0,1,4,4,5,12.59,2011,Thursday
2011-05-06,0,2,3,4,5,14.68,2011,Friday
2011-05-07,0,0,3,5,2,16.43,2011,Saturday
2011-05-08,0,1,1,6,5,16.49,2011,Sunday
2011-05-09,0,0,1,1,1,14.08,2011,Monday
2011-05-10,0,0,3,4,7,15.48,2011,Tuesday
2011-05-11,0,1,1,1,2,17.3,2011,Wednesday
2011-05-12,0,1,0,1,5,18.57,2011,Thursday
2011-05-13,0,4,2,2,3,18.13,2011,Friday
2011-05-14,0,0,1,2,11,17.74,2011,Saturday
2011-05-15,0,1,2,5,8,12.65,2011,Sunday
2011-05-16,0,2,1,3,9,14.65,2011,Monday
2011-05-17,0,1,1,6,6,16.58,2011,Tuesday
2011-05-18,0,1,0,6,6,16.14,2011,Wednesday
2011-05-19,2,0,2,7,4,17.73,2011,Thursday
2011-05-20,1,1,0,6,4,19.62,2011,Friday
2011-05-21,0,1,2,4,6,20.47,2011,Saturday
2011-05-22,0,1,0,7,3,20.02,2011,Sunday
2011-05-23,0,1,3,2,6,20.77,2011,Monday
2011-05-24,0,2,0,5,5,21.56,2011,Tuesday
2011-05-25,0,0,2,2,11,21.82,2011,Wednesday
2011-05-26,1,0,3,4,8,22.39,2011,Thursday
2011-05-27,1,1,0,3,5,21.34,2011,Friday
2011-05-28,1,2,2,2,7,19.44,2011,Saturday
2011-05-29,0,1,0,6,5,18.92,2011,Sunday
2011-05-30,0,2,1,2,5,20.39,2011,Monday
2011-05-31,1,3,1,1,3,20.26,2011,Tuesday
2011-06-01,0,0,3,4,3,18.8,2011,Wednesday
2011-06-02,0,0,3,5,6,19.23,2011,Thursday
2011-06-03,0,0,1,2,2,20.52,2011,Friday
2011-06-04,0,0,4,5,9,20.41,2011,Saturday
2011-06-05,0,1,1,1,9,18.96,2011,Sunday
2011-06-06,0,0,1,1,3,19.62,2011,Monday
2011-06-07,2,1,1,2,5,18.04,2011,Tuesday
2011-06-08,0,2,4,5,3,16.99,2011,Wednesday
2011-06-09,0,0,1,6,6,16.76,2011,Thursday
2011-06-10,0,1,0,3,1,17.05,2011,Friday
2011-06-11,0,1,1,3,5,17.71,2011,Saturday
2011-06-12,0,1,0,2,6,18.79,2011,Sunday
2011-06-13,0,1,1,3,4,18.93,2011,Monday
2011-06-14,0,1,2,9,5,20.02,2011,Tuesday
2011-06-15,0,0,5,2,6,21.44,2011,Wednesday
2011-06-16,0,1,2,4,5,22.2,2011,Thursday
2011-06-17,0,0,1,3,6,21.03,2011,Friday
2011-06-18,0,1,1,4,8,21.86,2011,Saturday
2011-06-19,0,0,2,5,2,20.49,2011,Sunday
2011-06-20,0,1,3,4,4,21.7,2011,Monday
2011-06-21,0,1,2,4,4,22.69,2011,Tuesday
2011-06-22,0,0,3,2,5,23.35,2011,Wednesday
2011-06-23,0,0,4,5,6,22.98,2011,Thursday
2011-06-24,0,2,0,4,8,22.52,2011,Friday
2011-06-25,0,1,1,4,14,22.18,2011,Saturday
2011-06-26,0,0,2,5,2,23.79,2011,Sunday
2011-06-27,0,0,3,1,8,25.77,2011,Monday
2011-06-28,1,0,5,2,10,25.59,2011,Tuesday
2011-06-29,0,1,2,3,5,25.58,2011,Wednesday
2011-06-30,0,1,1,3,8,24.13,2011,Thursday
2011-07-01,0,1,1,7,4,22.66,2011,Friday
2011-07-02,0,0,0,4,1,20.26,2011,Saturday
2011-07-03,1,1,0,1,5,20.62,2011,Sunday
2011-07-04,0,0,2,5,5,22.06,2011,Monday
2011-07-05,1,4,0,4,4,21.4,2011,Tuesday
2011-07-06,0,1,3,4,2,22.68,2011,Wednesday
2011-07-07,0,1,1,5,11,23.38,2011,Thursday
2011-07-08,0,1,1,5,6,24.24,2011,Friday
2011-07-09,0,2,0,2,7,25.21,2011,Saturday
2011-07-10,0,0,1,4,6,25.7,2011,Sunday
2011-07-11,1,2,1,5,10,26.82,2011,Monday
2011-07-12,0,0,2,7,12,28.89,2011,Tuesday
2011-07-13,0,2,2,3,8,28.7,2011,Wednesday
2011-07-14,0,2,0,9,11,24.56,2011,Thursday
2011-07-15,1,1,2,7,7,22.52,2011,Friday
2011-07-16,0,0,2,0,6,21.22,2011,Saturday
2011-07-17,1,2,2,4,6,22.84,2011,Sunday
2011-07-18,0,2,1,2,9,21.24,2011,Monday
2011-07-19,0,0,2,3,8,19.77,2011,Tuesday
2011-07-20,0,1,1,2,7,18.66,2011,Wednesday
2011-07-21,0,2,1,4,5,19.34,2011,Thursday
2011-07-22,0,1,1,4,6,20.69,2011,Friday
2011-07-23,0,1,0,4,13,19.88,2011,Saturday
2011-07-24,1,1,3,1,3,17.72,2011,Sunday
2011-07-25,0,0,3,4,3,18.24,2011,Monday
2011-07-26,0,0,0,3,2,19.67,2011,Tuesday
2011-07-27,0,0,1,1,0,18.85,2011,Wednesday
2011-07-28,0,1,0,1,6,19.99,2011,Thursday
2011-07-29,0,1,0,5,7,21.63,2011,Friday
2011-07-30,0,2,4,4,1,21.49,2011,Saturday
2011-07-31,0,0,2,7,5,21.92,2011,Sunday
2011-08-01,0,2,3,7,9,22.91,2011,Monday
2011-08-02,0,1,1,4,6,24.27,2011,Tuesday
2011-08-03,2,1,1,1,7,23.82,2011,Wednesday
2011-08-04,1,1,2,4,1,24.35,2011,Thursday
2011-08-05,1,2,0,7,5,25.77,2011,Friday
2011-08-06,0,2,1,2,3,24.83,2011,Saturday
2011-08-07,0,0,1,2,5,23.74,2011,Sunday
2011-08-08,0,0,2,3,9,23.81,2011,Monday
2011-08-09,0,2,0,2,9,21.91,2011,Tuesday
2011-08-10,0,1,0,1,8,20.9,2011,Wednesday
2011-08-11,0,0,0,2,11,21.93,2011,Thursday
2011-08-12,0,0,0,2,4,22.32,2011,Friday
2011-08-13,0,1,2,1,3,22.61,2011,Saturday
2011-08-14,0,0,0,4,4,24.26,2011,Sunday
2011-08-15,0,1,0,2,5,23.62,2011,Monday
2011-08-16,1,1,1,3,5,25.07,2011,Tuesday
2011-08-17,0,1,3,5,5,26.73,2011,Wednesday
2011-08-18,0,1,0,4,6,28.19,2011,Thursday
2011-08-19,0,0,1,4,7,27.36,2011,Friday
2011-08-20,0,1,1,4,2,28.5,2011,Saturday
2011-08-21,0,3,1,2,9,29.22,2011,Sunday
2011-08-22,1,1,1,5,7,29.27,2011,Monday
2011-08-23,1,0,2,3,6,29.72,2011,Tuesday
2011-08-24,0,0,2,5,5,28.45,2011,Wednesday
2011-08-25,1,0,2,4,11,27.54,2011,Thursday
2011-08-26,1,1,2,4,6,27.52,2011,Friday
2011-08-27,1,0,2,3,13,21.99,2011,Saturday
2011-08-28,2,1,1,2,7,22.76,2011,Sunday
2011-08-29,0,0,1,2,8,22.82,2011,Monday
2011-08-30,0,3,0,3,7,21.41,2011,Tuesday
2011-08-31,0,3,0,4,6,21.82,2011,Wednesday
2011-09-01,2,1,3,3,2,23.31,2011,Thursday
2011-09-02,0,1,3,4,6,24.56,2011,Friday
2011-09-03,0,1,1,7,5,26.01,2011,Saturday
2011-09-04,0,0,2,1,6,22.95,2011,Sunday
2011-09-05,0,1,1,1,7,21.2,2011,Monday
2011-09-06,0,1,3,3,4,21.85,2011,Tuesday
2011-09-07,0,1,1,5,8,20.95,2011,Wednesday
2011-09-08,0,2,0,1,11,21.22,2011,Thursday
2011-09-09,0,2,0,3,4,22.3,2011,Friday
2011-09-10,0,2,2,4,5,22.48,2011,Saturday
2011-09-11,0,0,1,5,6,22.72,2011,Sunday
2011-09-12,1,1,1,3,4,22.37,2011,Monday
2011-09-13,0,1,0,2,5,24.24,2011,Tuesday
2011-09-14,0,0,0,0,5,25.01,2011,Wednesday
2011-09-15,0,0,1,2,8,24.15,2011,Thursday
2011-09-16,0,1,1,1,7,23.73,2011,Friday
2011-09-17,0,0,3,4,6,21.89,2011,Saturday
2011-09-18,0,1,1,5,4,20.09,2011,Sunday
2011-09-19,0,3,2,7,5,16.39,2011,Monday
2011-09-20,0,2,1,3,6,16.64,2011,Tuesday
2011-09-21,0,1,1,2,3,18.81,2011,Wednesday
2011-09-22,0,0,2,0,4,20.32,2011,Thursday
2011-09-23,0,2,1,4,7,19.76,2011,Friday
2011-09-24,1,2,0,3,4,20.64,2011,Saturday
2011-09-25,0,1,1,5,10,20.77,2011,Sunday
2011-09-26,0,1,4,6,11,19.68,2011,Monday
2011-09-27,0,0,2,7,5,19.54,2011,Tuesday
2011-09-28,0,3,0,3,4,18.91,2011,Wednesday
2011-09-29,1,2,0,5,3,18.54,2011,Thursday
2011-09-30,0,1,2,5,2,18.29,2011,Friday
2011-10-01,1,2,0,8,4,18.91,2011,Saturday
2011-10-02,0,0,2,4,7,19.26,2011,Sunday
2011-10-03,0,2,4,2,6,20.27,2011,Monday
2011-10-04,0,2,2,2,6,21.87,2011,Tuesday
2011-10-05,0,3,2,2,5,22.01,2011,Wednesday
2011-10-06,0,2,0,1,4,19.61,2011,Thursday
2011-10-07,0,1,1,4,2,15.87,2011,Friday
2011-10-08,0,1,2,2,5,12.75,2011,Saturday
2011-10-09,0,0,2,4,1,11.12,2011,Sunday
2011-10-10,0,0,2,5,6,12.9,2011,Monday
2011-10-11,0,1,0,4,5,17.66,2011,Tuesday
2011-10-12,0,1,3,3,5,16.46,2011,Wednesday
2011-10-13,0,0,1,4,8,16.55,2011,Thursday
2011-10-14,0,2,0,2,3,13.32,2011,Friday
2011-10-15,0,1,0,6,6,10.02,2011,Saturday
2011-10-16,0,3,1,3,4,9.33,2011,Sunday
2011-10-17,0,3,3,4,4,9.21,2011,Monday
2011-10-18,1,1,1,1,6,11.07,2011,Tuesday
2011-10-19,0,1,1,1,5,12.88,2011,Wednesday
2011-10-20,0,1,4,4,10,10.79,2011,Thursday
2011-10-21,0,2,0,5,8,9.75,2011,Friday
2011-10-22,1,1,2,1,7,8.46,2011,Saturday
2011-10-23,0,2,0,3,11,8.25,2011,Sunday
2011-10-24,0,2,1,4,6,9.77,2011,Monday
2011-10-25,0,0,2,2,5,14.01,2011,Tuesday
2011-10-26,0,1,1,2,9,14.01,2011,Wednesday
2011-10-27,0,1,0,5,9,11.56,2011,Thursday
2011-10-28,0,1,2,1,3,11.63,2011,Friday
2011-10-29,0,0,3,3,8,11.98,2011,Saturday
2011-10-30,0,3,2,3,6,11.6,2011,Sunday
2011-10-31,0,2,0,2,9,11.47,2011,Monday
2011-11-01,0,0,3,8,8,11.28,2011,Tuesday
2011-11-02,0,1,3,5,10,11.85,2011,Wednesday
2011-11-03,0,1,1,2,3,12.66,2011,Thursday
2011-11-04,0,2,1,5,5,14.84,2011,Friday
2011-11-05,0,4,1,5,6,15.13,2011,Saturday
2011-11-06,0,1,1,3,5,14.43,2011,Sunday
2011-11-07,0,0,0,2,13,12.08,2011,Monday
2011-11-08,0,0,1,3,6,13.52,2011,Tuesday
2011-11-09,0,4,1,2,3,12.27,2011,Wednesday
2011-11-10,0,2,1,4,6,11.33,2011,Thursday
2011-11-11,0,0,1,1,4,10.63,2011,Friday
2011-11-12,0,1,0,9,8,8.37,2011,Saturday
2011-11-13,0,3,1,1,5,6.5,2011,Sunday
2011-11-14,1,0,1,4,6,5.22,2011,Monday
2011-11-15,0,2,1,2,8,4.98,2011,Tuesday
2011-11-16,0,2,5,3,1,4.76,2011,Wednesday
2011-11-17,1,0,3,6,10,5.81,2011,Thursday
2011-11-18,1,1,1,6,10,5,2011,Friday
2011-11-19,0,1,2,3,7,3.8,2011,Saturday
2011-11-20,0,3,1,1,4,4.52,2011,Sunday
2011-11-21,0,1,1,2,6,6.56,2011,Monday
2011-11-22,0,3,3,5,9,7.19,2011,Tuesday
2011-11-23,0,1,0,4,10,8.12,2011,Wednesday
2011-11-24,0,3,4,3,7,7.53,2011,Thursday
2011-11-25,0,1,2,7,7,6.56,2011,Friday
2011-11-26,0,0,1,3,7,5.32,2011,Saturday
2011-11-27,0,2,1,1,6,5.44,2011,Sunday
2011-11-28,0,1,2,4,5,5.44,2011,Monday
2011-11-29,0,1,1,0,3,4.71,2011,Tuesday
2011-11-30,0,0,0,6,3,4.24,2011,Wednesday
2011-12-01,0,2,2,2,2,6.05,2011,Thursday
2011-12-02,0,0,0,4,9,10.23,2011,Friday
2011-12-03,0,2,1,6,8,11.02,2011,Saturday
2011-12-04,0,1,1,2,9,10.52,2011,Sunday
2011-12-05,0,3,2,5,5,11.53,2011,Monday
2011-12-06,1,1,1,2,7,8.09,2011,Tuesday
2011-12-07,0,2,1,3,6,7.35,2011,Wednesday
2011-12-08,1,1,1,3,6,9.84,2011,Thursday
2011-12-09,0,0,1,5,9,8.06,2011,Friday
2011-12-10,0,0,2,3,9,9.9,2011,Saturday
2011-12-11,1,1,2,2,8,9.21,2011,Sunday
2011-12-12,0,0,1,4,5,9.35,2011,Monday
2011-12-13,0,3,3,1,4,7.72,2011,Tuesday
2011-12-14,0,1,1,6,8,10.07,2011,Wednesday
2011-12-15,0,2,2,5,7,10.44,2011,Thursday
2011-12-16,0,2,4,4,3,10.64,2011,Friday
2011-12-17,0,1,2,2,11,7.38,2011,Saturday
2011-12-18,0,2,2,2,2,2.91,2011,Sunday
2011-12-19,1,1,0,4,11,2.53,2011,Monday
2011-12-20,0,0,1,4,8,1.47,2011,Tuesday
2011-12-21,0,0,3,5,9,2.06,2011,Wednesday
2011-12-22,0,2,4,2,9,1.91,2011,Thursday
2011-12-23,0,1,3,4,10,3.38,2011,Friday
2011-12-24,1,0,1,2,8,3.24,2011,Saturday
2011-12-25,0,1,2,4,9,4.59,2011,Sunday
2011-12-26,0,0,2,3,8,2.98,2011,Monday
2011-12-27,1,1,0,3,6,3.6,2011,Tuesday
2011-12-28,1,0,4,4,6,3.25,2011,Wednesday
2011-12-29,0,2,1,4,11,2.76,2011,Thursday
2011-12-30,2,0,2,6,10,2.16,2011,Friday
2011-12-31,0,0,1,5,7,1.72,2011,Saturday
2012-01-01,2,0,0,5,8,3.5,2012,Sunday
2012-01-02,0,2,4,1,9,7.08,2012,Monday
2012-01-03,0,0,3,8,7,7.28,2012,Tuesday
2012-01-04,0,1,2,3,13,5.1,2012,Wednesday
2012-01-05,0,1,1,2,6,4.84,2012,Thursday
2012-01-06,0,1,0,1,9,4.47,2012,Friday
2012-01-07,1,1,1,1,8,4.06,2012,Saturday
2012-01-08,0,1,6,4,8,4.78,2012,Sunday
2012-01-09,0,1,1,2,15,3.43,2012,Monday
2012-01-10,0,2,1,1,10,2.98,2012,Tuesday
2012-01-11,1,0,3,3,7,3.66,2012,Wednesday
2012-01-12,1,1,1,8,9,5.1,2012,Thursday
2012-01-13,0,1,1,2,5,6.01,2012,Friday
2012-01-14,0,0,2,4,7,3.24,2012,Saturday
2012-01-15,0,0,1,4,5,0.7,2012,Sunday
2012-01-16,0,1,1,6,10,-0.32,2012,Monday
2012-01-17,0,0,3,5,5,0.9,2012,Tuesday
2012-01-18,1,2,2,6,11,2.53,2012,Wednesday
2012-01-19,1,0,2,2,10,2.74,2012,Thursday
2012-01-20,0,0,4,3,8,4.92,2012,Friday
2012-01-21,0,1,3,6,13,4.42,2012,Saturday
2012-01-22,0,2,2,4,8,5.19,2012,Sunday
2012-01-23,0,2,2,4,3,7.47,2012,Monday
2012-01-24,0,1,2,3,4,6.65,2012,Tuesday
2012-01-25,0,1,2,6,6,2.71,2012,Wednesday
2012-01-26,0,1,5,2,7,2.04,2012,Thursday
2012-01-27,0,1,2,6,7,2.96,2012,Friday
2012-01-28,0,2,1,1,11,2.17,2012,Saturday
2012-01-29,0,1,1,1,9,2.98,2012,Sunday
2012-01-30,0,1,1,5,5,0.87,2012,Monday
2012-01-31,0,1,2,8,8,0.31,2012,Tuesday
2012-02-01,0,3,1,3,10,-1.39,2012,Wednesday
2012-02-02,1,2,2,4,10,-2.33,2012,Thursday
2012-02-03,0,3,3,2,7,-4.92,2012,Friday
2012-02-04,0,1,2,2,7,-5.07,2012,Saturday
2012-02-05,0,1,2,2,8,-4.99,2012,Sunday
2012-02-06,1,0,1,1,11,-5.5,2012,Monday
2012-02-07,0,0,4,1,6,-3.55,2012,Tuesday
2012-02-08,0,3,1,2,8,-2.31,2012,Wednesday
2012-02-09,0,2,1,4,6,-4.3,2012,Thursday
2012-02-10,0,0,1,3,10,-3.13,2012,Friday
2012-02-11,0,1,4,3,10,-4.37,2012,Saturday
2012-02-12,1,2,3,4,7,-4.56,2012,Sunday
2012-02-13,0,1,1,5,7,-4.75,2012,Monday
2012-02-14,1,0,1,3,9,-2.75,2012,Tuesday
2012-02-15,1,0,0,5,8,0.59,2012,Wednesday
2012-02-16,1,1,0,2,11,1.65,2012,Thursday
2012-02-17,0,1,0,5,10,3.05,2012,Friday
2012-02-18,0,1,1,3,11,4.42,2012,Saturday
2012-02-19,0,0,1,5,6,5.09,2012,Sunday
2012-02-20,0,0,3,5,6,2.52,2012,Monday
2012-02-21,0,0,1,3,10,2.38,2012,Tuesday
2012-02-22,1,2,2,8,8,3.03,2012,Wednesday
2012-02-23,0,2,1,2,5,6.5,2012,Thursday
2012-02-24,0,5,0,0,13,9.07,2012,Friday
2012-02-25,0,0,1,5,6,6.74,2012,Saturday
2012-02-26,0,1,1,4,5,5.7,2012,Sunday
2012-02-27,1,2,0,5,7,5.96,2012,Monday
2012-02-28,0,1,1,7,4,7.17,2012,Tuesday
2012-02-29,0,1,2,2,7,7.77,2012,Wednesday
2012-03-01,0,1,1,3,12,12.02,2012,Thursday
2012-03-02,0,1,1,3,5,10.81,2012,Friday
2012-03-03,1,1,2,7,10,7.82,2012,Saturday
2012-03-04,0,0,3,3,9,8.54,2012,Sunday
2012-03-05,0,1,2,5,7,8.62,2012,Monday
2012-03-06,0,0,2,3,3,5.8,2012,Tuesday
2012-03-07,0,1,0,3,6,6.2,2012,Wednesday
2012-03-08,1,1,1,5,5,6.61,2012,Thursday
2012-03-09,1,0,0,5,5,6.49,2012,Friday
2012-03-10,0,0,1,4,5,6.05,2012,Saturday
2012-03-11,1,2,1,3,3,7.86,2012,Sunday
2012-03-12,0,2,1,5,8,10.26,2012,Monday
2012-03-13,0,2,1,4,8,10.29,2012,Tuesday
2012-03-14,1,0,1,1,6,11.12,2012,Wednesday
2012-03-15,0,0,2,5,6,11.5,2012,Thursday
2012-03-16,0,0,1,7,9,9.52,2012,Friday
2012-03-17,1,1,0,3,10,9.73,2012,Saturday
2012-03-18,0,1,1,3,5,11.22,2012,Sunday
2012-03-19,0,0,2,2,5,10.97,2012,Monday
2012-03-20,0,1,0,2,7,9.79,2012,Tuesday
2012-03-21,0,2,2,2,7,11.91,2012,Wednesday
2012-03-22,0,0,2,4,7,13.58,2012,Thursday
2012-03-23,0,0,1,2,4,13.43,2012,Friday
2012-03-24,0,2,0,5,6,12.72,2012,Saturday
2012-03-25,0,2,2,3,5,11.58,2012,Sunday
2012-03-26,0,2,2,7,8,12.36,2012,Monday
2012-03-27,1,2,1,3,6,12.66,2012,Tuesday
2012-03-28,0,1,3,4,6,14.74,2012,Wednesday
2012-03-29,0,0,2,2,5,14.03,2012,Thursday
2012-03-30,1,1,3,7,8,11.48,2012,Friday
2012-03-31,0,2,2,6,2,11.56,2012,Saturday
2012-04-01,0,2,6,3,4,10.21,2012,Sunday
2012-04-02,0,2,1,7,3,12.09,2012,Monday
2012-04-03,0,0,0,3,8,11.78,2012,Tuesday
2012-04-04,0,2,2,2,4,12.42,2012,Wednesday
2012-04-05,0,1,2,7,10,12.98,2012,Thursday
2012-04-06,0,1,1,2,10,12.54,2012,Friday
2012-04-07,0,0,1,4,9,11.26,2012,Saturday
2012-04-08,0,1,1,6,5,8.38,2012,Sunday
2012-04-09,0,0,0,2,5,7.75,2012,Monday
2012-04-10,0,1,0,4,5,9.69,2012,Tuesday
2012-04-11,0,1,4,2,5,9.58,2012,Wednesday
2012-04-12,0,0,3,1,4,10.56,2012,Thursday
2012-04-13,0,1,0,4,10,10.68,2012,Friday
2012-04-14,0,2,0,2,7,9.65,2012,Saturday
2012-04-15,0,1,2,1,10,10.13,2012,Sunday
2012-04-16,0,1,1,6,3,9.34,2012,Monday
2012-04-17,0,0,0,2,10,11.68,2012,Tuesday
2012-04-18,0,0,0,1,5,10,2012,Wednesday
2012-04-19,0,1,2,5,5,9.68,2012,Thursday
2012-04-20,0,4,0,5,7,9.63,2012,Friday
2012-04-21,0,0,1,6,5,11.37,2012,Saturday
2012-04-22,0,2,4,0,5,11.08,2012,Sunday
2012-04-23,0,1,1,2,7,10.26,2012,Monday
2012-04-24,0,0,0,1,6,10.26,2012,Tuesday
2012-04-25,0,1,2,1,7,11.58,2012,Wednesday
2012-04-26,0,0,3,3,4,12.74,2012,Thursday
2012-04-27,0,1,1,3,9,16.46,2012,Friday
2012-04-28,0,1,2,3,4,19.38,2012,Saturday
2012-04-29,0,2,1,6,6,15.6,2012,Sunday
2012-04-30,0,3,2,3,9,16.15,2012,Monday
2012-05-01,0,1,2,2,2,14.66,2012,Tuesday
2012-05-02,0,2,3,1,8,12.88,2012,Wednesday
2012-05-03,0,2,0,3,8,11.69,2012,Thursday
2012-05-04,0,1,0,6,7,12.18,2012,Friday
2012-05-05,1,1,0,5,4,13.11,2012,Saturday
2012-05-06,0,0,0,4,4,13.27,2012,Sunday
2012-05-07,0,0,3,2,3,14.31,2012,Monday
2012-05-08,0,1,3,4,7,14.06,2012,Tuesday
2012-05-09,0,1,4,5,2,15.05,2012,Wednesday
2012-05-10,0,0,0,0,2,19.02,2012,Thursday
2012-05-11,0,0,4,2,5,20.79,2012,Friday
2012-05-12,0,2,1,3,3,20.62,2012,Saturday
2012-05-13,0,0,1,2,1,12.32,2012,Sunday
2012-05-14,0,1,0,3,5,12.28,2012,Monday
2012-05-15,0,1,2,3,4,13.06,2012,Tuesday
2012-05-16,1,2,1,3,7,12.26,2012,Wednesday
2012-05-17,0,2,2,5,6,13.34,2012,Thursday
2012-05-18,0,2,1,2,3,13.99,2012,Friday
2012-05-19,0,0,2,1,8,15.38,2012,Saturday
2012-05-20,0,1,0,7,1,14.54,2012,Sunday
2012-05-21,0,2,3,2,4,13.82,2012,Monday
2012-05-22,0,1,4,1,11,14.26,2012,Tuesday
2012-05-23,0,3,3,3,3,17.01,2012,Wednesday
2012-05-24,2,0,0,3,5,19.84,2012,Thursday
2012-05-25,1,1,0,2,7,18.32,2012,Friday
2012-05-26,1,1,2,8,6,15.92,2012,Saturday
2012-05-27,0,2,1,5,5,17.1,2012,Sunday
2012-05-28,0,0,5,1,4,17.6,2012,Monday
2012-05-29,0,2,2,5,8,16.67,2012,Tuesday
2012-05-30,0,0,0,8,4,17.74,2012,Wednesday
2012-05-31,0,0,1,4,12,18.25,2012,Thursday
2012-06-01,1,1,2,4,2,18.21,2012,Friday
2012-06-02,0,3,1,1,7,19.05,2012,Saturday
2012-06-03,0,1,1,3,5,19.38,2012,Sunday
2012-06-04,0,0,0,2,9,17.01,2012,Monday
2012-06-05,0,4,3,1,7,18.47,2012,Tuesday
2012-06-06,0,0,0,3,5,18.12,2012,Wednesday
2012-06-07,0,0,1,3,4,19.02,2012,Thursday
2012-06-08,0,1,1,2,7,20.9,2012,Friday
2012-06-09,0,0,1,1,5,20.73,2012,Saturday
2012-06-10,0,2,2,2,9,17.81,2012,Sunday
2012-06-11,0,1,0,3,10,18.69,2012,Monday
2012-06-12,0,0,2,2,3,17.02,2012,Tuesday
2012-06-13,0,1,0,7,3,16.7,2012,Wednesday
2012-06-14,0,2,2,3,3,17.62,2012,Thursday
2012-06-15,0,0,2,2,7,20.66,2012,Friday
2012-06-16,1,0,1,0,4,23.07,2012,Saturday
2012-06-17,0,0,1,1,3,24.83,2012,Sunday
2012-06-18,1,2,3,3,3,25.65,2012,Monday
2012-06-19,0,2,0,5,4,26.75,2012,Tuesday
2012-06-20,0,1,0,2,8,26.55,2012,Wednesday
2012-06-21,0,0,1,2,6,23.45,2012,Thursday
2012-06-22,0,1,1,6,6,22.71,2012,Friday
2012-06-23,2,2,3,4,9,23,2012,Saturday
2012-06-24,0,1,2,3,8,23.7,2012,Sunday
2012-06-25,0,1,1,6,4,22.88,2012,Monday
2012-06-26,0,2,2,3,3,24.13,2012,Tuesday
2012-06-27,0,0,4,6,6,24.84,2012,Wednesday
2012-06-28,0,1,2,8,4,25.34,2012,Thursday
2012-06-29,0,1,3,5,4,25.19,2012,Friday
2012-06-30,0,1,0,3,9,26.21,2012,Saturday
2012-07-01,1,2,1,5,9,27.7,2012,Sunday
2012-07-02,0,2,4,4,12,25.96,2012,Monday
2012-07-03,1,0,0,5,5,22.08,2012,Tuesday
2012-07-04,0,2,1,2,7,23.21,2012,Wednesday
2012-07-05,1,0,2,6,8,25.19,2012,Thursday
2012-07-06,0,0,0,3,6,24.43,2012,Friday
2012-07-07,0,0,1,3,1,23.71,2012,Saturday
2012-07-08,1,0,1,4,5,24.88,2012,Sunday
2012-07-09,0,2,2,3,9,24.77,2012,Monday
2012-07-10,0,0,4,3,6,25.01,2012,Tuesday
2012-07-11,0,0,2,5,10,24.36,2012,Wednesday
2012-07-12,1,1,2,4,8,23.46,2012,Thursday
2012-07-13,0,0,4,3,6,21.99,2012,Friday
2012-07-14,0,0,2,3,6,24.09,2012,Saturday
2012-07-15,0,1,0,3,1,21.92,2012,Sunday
2012-07-16,0,0,2,4,6,22.4,2012,Monday
2012-07-17,1,4,1,4,4,23.32,2012,Tuesday
2012-07-18,0,1,1,3,2,25.2,2012,Wednesday
2012-07-19,1,0,1,4,5,24.64,2012,Thursday
2012-07-20,0,1,1,5,6,24.14,2012,Friday
2012-07-21,0,1,1,3,5,23.62,2012,Saturday
2012-07-22,0,3,1,5,6,20.87,2012,Sunday
2012-07-23,0,0,1,5,7,20.08,2012,Monday
2012-07-24,1,0,1,3,7,22.52,2012,Tuesday
2012-07-25,0,2,4,2,8,23.3,2012,Wednesday
2012-07-26,0,1,1,1,6,23.97,2012,Thursday
2012-07-27,0,1,0,5,4,26.48,2012,Friday
2012-07-28,0,1,2,2,2,27.13,2012,Saturday
2012-07-29,1,1,3,3,1,24.35,2012,Sunday
2012-07-30,0,0,3,3,5,23.77,2012,Monday
2012-07-31,0,3,1,2,5,25.04,2012,Tuesday
2012-08-01,0,1,1,1,7,26.25,2012,Wednesday
2012-08-02,0,1,0,2,4,26.79,2012,Thursday
2012-08-03,0,0,3,4,7,25.88,2012,Friday
2012-08-04,0,1,1,4,7,26.52,2012,Saturday
2012-08-05,0,0,1,3,10,26.42,2012,Sunday
2012-08-06,0,2,0,6,9,25.91,2012,Monday
2012-08-07,0,2,2,3,7,25.25,2012,Tuesday
2012-08-08,0,1,4,6,4,26.17,2012,Wednesday
2012-08-09,0,0,1,2,4,25.86,2012,Thursday
2012-08-10,1,1,0,5,11,25.12,2012,Friday
2012-08-11,0,0,0,2,7,23.69,2012,Saturday
2012-08-12,0,1,3,4,5,24.01,2012,Sunday
2012-08-13,1,0,3,3,4,24.46,2012,Monday
2012-08-14,0,0,4,5,4,25.13,2012,Tuesday
2012-08-15,0,2,0,3,11,25.83,2012,Wednesday
2012-08-16,0,2,2,5,11,24.36,2012,Thursday
2012-08-17,0,2,2,5,6,25.91,2012,Friday
2012-08-18,0,1,0,4,6,26.96,2012,Saturday
2012-08-19,0,0,1,3,7,27.9,2012,Sunday
2012-08-20,0,2,1,4,4,28.79,2012,Monday
2012-08-21,0,1,3,0,9,29.15,2012,Tuesday
2012-08-22,0,0,2,6,1,28.08,2012,Wednesday
2012-08-23,0,1,2,4,6,27.39,2012,Thursday
2012-08-24,0,0,1,3,9,26.49,2012,Friday
2012-08-25,0,3,2,1,9,25.23,2012,Saturday
2012-08-26,0,0,3,2,5,23.2,2012,Sunday
2012-08-27,0,1,1,1,5,22.46,2012,Monday
2012-08-28,0,0,1,5,4,23.19,2012,Tuesday
2012-08-29,1,2,2,2,8,25.04,2012,Wednesday
2012-08-30,0,0,2,1,6,24.83,2012,Thursday
2012-08-31,0,0,1,3,4,20.54,2012,Friday
2012-09-01,0,0,3,1,4,18.34,2012,Saturday
2012-09-02,0,2,0,1,9,18.21,2012,Sunday
2012-09-03,0,0,0,4,7,19.28,2012,Monday
2012-09-04,0,0,0,4,7,19.19,2012,Tuesday
2012-09-05,0,1,1,1,6,19.97,2012,Wednesday
2012-09-06,0,0,1,4,5,21.09,2012,Thursday
2012-09-07,0,3,1,0,5,21.17,2012,Friday
2012-09-08,0,2,1,3,10,21.19,2012,Saturday
2012-09-09,0,2,0,3,6,21.48,2012,Sunday
2012-09-10,2,3,1,2,7,22.06,2012,Monday
2012-09-11,0,2,3,0,7,21.1,2012,Tuesday
2012-09-12,0,0,1,4,3,19.65,2012,Wednesday
2012-09-13,0,0,1,1,5,15.41,2012,Thursday
2012-09-14,0,1,1,3,7,16.62,2012,Friday
2012-09-15,1,1,0,3,2,17.64,2012,Saturday
2012-09-16,0,1,1,2,3,17.9,2012,Sunday
2012-09-17,0,0,3,4,6,18.52,2012,Monday
2012-09-18,0,0,0,0,8,19.9,2012,Tuesday
2012-09-19,0,2,3,4,9,17.03,2012,Wednesday
2012-09-20,0,1,1,4,1,15.78,2012,Thursday
2012-09-21,0,0,0,3,8,16,2012,Friday
2012-09-22,0,1,3,4,7,17.9,2012,Saturday
2012-09-23,1,1,3,5,8,20.03,2012,Sunday
2012-09-24,0,0,1,5,5,20.12,2012,Monday
2012-09-25,0,0,1,2,8,18.83,2012,Tuesday
2012-09-26,0,1,3,2,6,20.39,2012,Wednesday
2012-09-27,1,2,2,3,8,18.73,2012,Thursday
2012-09-28,1,3,2,6,8,18.9,2012,Friday
2012-09-29,0,0,0,3,3,20.04,2012,Saturday
2012-09-30,0,0,3,2,9,18.6,2012,Sunday
2012-10-01,0,1,1,2,10,18.35,2012,Monday
2012-10-02,0,0,0,1,8,17.33,2012,Tuesday
2012-10-03,0,0,0,4,5,15.97,2012,Wednesday
2012-10-04,0,0,0,3,5,15.78,2012,Thursday
2012-10-05,0,1,2,1,8,16.58,2012,Friday
2012-10-06,0,3,3,1,5,16.64,2012,Saturday
2012-10-07,0,0,0,5,5,17.43,2012,Sunday
2012-10-08,4,1,3,3,5,17.85,2012,Monday
2012-10-09,0,0,1,2,7,15.82,2012,Tuesday
2012-10-10,0,1,1,1,3,16.06,2012,Wednesday
2012-10-11,0,0,0,3,7,16.25,2012,Thursday
2012-10-12,0,2,0,6,4,16.68,2012,Friday
2012-10-13,0,1,0,3,9,16.36,2012,Saturday
2012-10-14,1,1,0,4,4,14.73,2012,Sunday
2012-10-15,1,1,0,0,4,14.14,2012,Monday
2012-10-16,0,0,1,5,3,12.39,2012,Tuesday
2012-10-17,0,2,3,5,5,14.94,2012,Wednesday
2012-10-18,0,2,4,3,7,13.69,2012,Thursday
2012-10-19,0,1,0,6,4,15.03,2012,Friday
2012-10-20,0,1,3,4,3,16.14,2012,Saturday
2012-10-21,0,1,2,2,3,17.2,2012,Sunday
2012-10-22,0,4,4,3,4,16.41,2012,Monday
2012-10-23,0,2,1,4,4,14.23,2012,Tuesday
2012-10-24,0,0,2,6,9,13.54,2012,Wednesday
2012-10-25,0,0,2,4,5,14.68,2012,Thursday
2012-10-26,0,0,3,2,10,14.57,2012,Friday
2012-10-27,1,0,1,1,2,14.54,2012,Saturday
2012-10-28,0,2,0,5,6,8.75,2012,Sunday
2012-10-29,1,1,3,6,2,6.36,2012,Monday
2012-10-30,1,0,1,3,3,6.75,2012,Tuesday
2012-10-31,0,0,1,6,2,8.97,2012,Wednesday
2012-11-01,0,1,2,4,10,11.51,2012,Thursday
2012-11-02,2,0,2,3,7,11.63,2012,Friday
2012-11-03,0,0,1,4,6,11.64,2012,Saturday
2012-11-04,0,2,5,6,5,15.09,2012,Sunday
2012-11-05,0,1,2,7,1,15.37,2012,Monday
2012-11-06,0,0,0,3,5,12.19,2012,Tuesday
2012-11-07,0,1,4,5,3,9.23,2012,Wednesday
2012-11-08,0,2,3,4,4,8.24,2012,Thursday
2012-11-09,0,2,1,3,4,9.06,2012,Friday
2012-11-10,0,3,3,4,5,11.45,2012,Saturday
2012-11-11,0,2,0,4,8,14.3,2012,Sunday
2012-11-12,0,1,4,1,5,13.96,2012,Monday
2012-11-13,0,0,2,1,5,13.45,2012,Tuesday
2012-11-14,1,0,1,1,5,11.84,2012,Wednesday
2012-11-15,0,0,3,1,10,8.46,2012,Thursday
2012-11-16,0,0,6,2,4,7.06,2012,Friday
2012-11-17,1,0,2,3,3,8.55,2012,Saturday
2012-11-18,0,0,4,1,4,8.79,2012,Sunday
2012-11-19,0,2,3,3,8,8.82,2012,Monday
2012-11-20,2,1,2,2,3,10.2,2012,Tuesday
2012-11-21,1,0,2,2,11,8.92,2012,Wednesday
2012-11-22,1,0,2,3,6,8.39,2012,Thursday
2012-11-23,0,1,0,3,7,9.87,2012,Friday
2012-11-24,1,0,1,3,6,9.75,2012,Saturday
2012-11-25,0,0,2,6,2,9.67,2012,Sunday
2012-11-26,0,1,2,4,6,10.24,2012,Monday
2012-11-27,0,0,2,0,3,11.73,2012,Tuesday
2012-11-28,0,1,4,5,8,11.81,2012,Wednesday
2012-11-29,0,0,0,2,4,8.87,2012,Thursday
2012-11-30,0,3,0,3,4,7.24,2012,Friday
2012-12-01,0,1,5,1,4,6.31,2012,Saturday
2012-12-02,0,0,4,1,4,5.84,2012,Sunday
2012-12-03,0,1,3,4,5,3.06,2012,Monday
2012-12-04,0,1,3,2,4,5.46,2012,Tuesday
2012-12-05,0,0,2,1,8,3.66,2012,Wednesday
2012-12-06,1,0,0,2,6,2.25,2012,Thursday
2012-12-07,0,0,0,3,4,1.87,2012,Friday
2012-12-08,0,2,1,3,4,0.97,2012,Saturday
2012-12-09,0,3,0,5,4,1.8,2012,Sunday
2012-12-10,0,2,0,4,4,1.55,2012,Monday
2012-12-11,1,2,2,2,5,0.22,2012,Tuesday
2012-12-12,0,0,1,2,5,0.22,2012,Wednesday
2012-12-13,0,2,0,1,6,0.39,2012,Thursday
2012-12-14,0,1,3,2,7,5.61,2012,Friday
2012-12-15,0,0,1,4,10,10.89,2012,Saturday
2012-12-16,1,1,0,6,8,9.29,2012,Sunday
2012-12-17,1,0,4,3,5,6.83,2012,Monday
2012-12-18,0,0,3,2,5,4.21,2012,Tuesday
2012-12-19,0,0,2,3,7,2.4,2012,Wednesday
2012-12-20,0,0,1,0,8,1.58,2012,Thursday
2012-12-21,0,0,0,5,3,2.1,2012,Friday
2012-12-22,0,2,4,3,8,3.33,2012,Saturday
2012-12-23,0,1,2,1,10,3.82,2012,Sunday
2012-12-24,0,1,0,3,5,5.74,2012,Monday
2012-12-25,0,1,0,4,5,8.48,2012,Tuesday
2012-12-26,0,1,3,1,9,9.05,2012,Wednesday
2012-12-27,0,0,5,9,12,7.14,2012,Thursday
2012-12-28,0,0,1,1,5,7.54,2012,Friday
2012-12-29,0,2,3,2,6,3.07,2012,Saturday
2012-12-30,0,1,3,1,4,3.28,2012,Sunday
2012-12-31,0,1,1,2,10,2.14,2012,Monday
2013-01-01,0,1,2,5,7,2.88,2013,Tuesday
2013-01-02,1,1,4,4,7,5.71,2013,Wednesday
2013-01-03,0,1,2,2,7,7.02,2013,Thursday
2013-01-04,0,1,1,3,6,5.02,2013,Friday
2013-01-05,0,1,1,4,8,5.82,2013,Saturday
2013-01-06,0,1,1,7,7,5.97,2013,Sunday
2013-01-07,0,0,1,2,8,6.18,2013,Monday
2013-01-08,0,2,1,3,2,4.72,2013,Tuesday
2013-01-09,0,3,1,3,5,4.5,2013,Wednesday
2013-01-10,0,0,3,2,5,6.19,2013,Thursday
2013-01-11,0,2,2,6,8,5.59,2013,Friday
2013-01-12,0,1,1,0,4,4.01,2013,Saturday
2013-01-13,0,1,3,2,3,4.79,2013,Sunday
2013-01-14,0,1,1,8,8,5.4,2013,Monday
2013-01-15,1,2,2,5,7,3.96,2013,Tuesday
2013-01-16,0,1,1,4,7,2.71,2013,Wednesday
2013-01-17,0,1,1,3,9,0.75,2013,Thursday
2013-01-18,0,0,2,6,6,2.28,2013,Friday
2013-01-19,0,2,0,2,15,1.24,2013,Saturday
2013-01-20,0,1,1,6,6,7.39,2013,Sunday
2013-01-21,0,1,2,3,8,6.38,2013,Monday
2013-01-22,0,2,0,5,11,4.89,2013,Tuesday
2013-01-23,0,0,1,6,8,4.27,2013,Wednesday
2013-01-24,0,0,3,3,6,3.68,2013,Thursday
2013-01-25,0,0,2,5,3,3.36,2013,Friday
2013-01-26,0,2,3,3,7,0.44,2013,Saturday
2013-01-27,0,1,0,3,5,1.54,2013,Sunday
2013-01-28,0,1,1,5,3,2.48,2013,Monday
2013-01-29,0,1,1,5,8,3.29,2013,Tuesday
2013-01-30,0,4,2,3,4,5.59,2013,Wednesday
2013-01-31,0,2,2,4,4,7.07,2013,Thursday
2013-02-01,0,0,3,7,7,8.1,2013,Friday
2013-02-02,1,1,1,3,9,7.64,2013,Saturday
2013-02-03,0,0,1,8,10,3.69,2013,Sunday
2013-02-04,0,3,0,7,5,3.34,2013,Monday
2013-02-05,0,2,1,1,11,5.34,2013,Tuesday
2013-02-06,1,2,3,2,8,5.86,2013,Wednesday
2013-02-07,0,1,3,5,10,3.2,2013,Thursday
2013-02-08,0,2,3,4,8,1.77,2013,Friday
2013-02-09,0,2,2,3,12,1.27,2013,Saturday
2013-02-10,0,0,2,4,7,1.3,2013,Sunday
2013-02-11,0,1,3,6,6,1.12,2013,Monday
2013-02-12,0,0,1,3,10,1.7,2013,Tuesday
2013-02-13,0,1,2,1,6,1.53,2013,Wednesday
2013-02-14,1,1,3,4,10,3.71,2013,Thursday
2013-02-15,0,1,2,1,7,3.42,2013,Friday
2013-02-16,0,1,2,4,3,3.08,2013,Saturday
2013-02-17,0,3,0,2,4,3,2013,Sunday
2013-02-18,0,0,0,3,7,2.68,2013,Monday
2013-02-19,0,0,1,5,3,2.63,2013,Tuesday
2013-02-20,0,0,2,5,8,3.97,2013,Wednesday
2013-02-21,0,0,0,6,9,3.36,2013,Thursday
2013-02-22,0,1,1,4,3,1.78,2013,Friday
2013-02-23,0,0,2,3,8,0.32,2013,Saturday
2013-02-24,0,1,3,4,2,1.94,2013,Sunday
2013-02-25,0,0,2,4,6,0.94,2013,Monday
2013-02-26,1,2,1,4,6,1.74,2013,Tuesday
2013-02-27,0,0,2,6,2,3.65,2013,Wednesday
2013-02-28,0,1,5,5,8,4.99,2013,Thursday
2013-03-01,0,0,0,5,5,5.47,2013,Friday
2013-03-02,1,0,1,4,9,5.69,2013,Saturday
2013-03-03,0,2,1,5,8,5.25,2013,Sunday
2013-03-04,0,1,4,6,8,6.64,2013,Monday
2013-03-05,0,2,1,3,5,6.51,2013,Tuesday
2013-03-06,0,4,1,7,6,7.89,2013,Wednesday
2013-03-07,0,0,3,4,6,10.56,2013,Thursday
2013-03-08,0,0,2,1,9,10.9,2013,Friday
2013-03-09,0,1,2,4,3,10.86,2013,Saturday
2013-03-10,0,3,2,4,5,10.15,2013,Sunday
2013-03-11,1,1,0,3,5,8.42,2013,Monday
2013-03-12,0,2,2,2,3,8.38,2013,Tuesday
2013-03-13,0,1,1,6,5,7.04,2013,Wednesday
2013-03-14,1,0,2,2,3,4.73,2013,Thursday
2013-03-15,0,1,0,4,4,3.24,2013,Friday
2013-03-16,0,2,1,1,5,3.52,2013,Saturday
2013-03-17,0,1,2,1,5,5.1,2013,Sunday
2013-03-18,0,1,1,6,7,8.61,2013,Monday
2013-03-19,0,1,2,4,4,8.1,2013,Tuesday
2013-03-20,0,1,3,1,8,7.43,2013,Wednesday
2013-03-21,1,0,0,1,5,8.28,2013,Thursday
2013-03-22,1,1,2,2,5,8.64,2013,Friday
2013-03-23,1,1,3,4,12,9.15,2013,Saturday
2013-03-24,0,1,2,6,8,9.53,2013,Sunday
2013-03-25,0,0,1,1,8,4.11,2013,Monday
2013-03-26,0,0,0,4,6,4.27,2013,Tuesday
2013-03-27,0,0,1,7,5,6.08,2013,Wednesday
2013-03-28,0,1,2,3,4,8.68,2013,Thursday
2013-03-29,1,3,2,5,9,11.63,2013,Friday
2013-03-30,0,1,1,5,3,11.37,2013,Saturday
2013-03-31,0,2,1,3,6,9.04,2013,Sunday
2013-04-01,0,1,1,0,7,9.72,2013,Monday
2013-04-02,0,2,1,2,6,8.11,2013,Tuesday
2013-04-03,0,0,0,1,4,8.91,2013,Wednesday
2013-04-04,0,0,2,4,5,9.78,2013,Thursday
2013-04-05,1,2,1,4,7,9.04,2013,Friday
2013-04-06,1,0,1,2,2,10.72,2013,Saturday
2013-04-07,0,0,1,0,3,9.37,2013,Sunday
2013-04-08,0,2,2,1,7,7.52,2013,Monday
2013-04-09,0,1,0,6,4,10.4,2013,Tuesday
2013-04-10,0,1,2,5,5,10.96,2013,Wednesday
2013-04-11,0,1,0,3,2,11.12,2013,Thursday
2013-04-12,1,0,2,2,4,12.29,2013,Friday
2013-04-13,0,0,1,2,5,11.55,2013,Saturday
2013-04-14,1,0,3,3,2,14.81,2013,Sunday
2013-04-15,0,1,2,1,8,16.03,2013,Monday
2013-04-16,0,0,0,1,7,16.42,2013,Tuesday
2013-04-17,0,2,5,3,4,17.41,2013,Wednesday
2013-04-18,0,0,2,4,6,17.92,2013,Thursday
2013-04-19,0,1,2,2,7,17.05,2013,Friday
2013-04-20,1,0,1,2,7,13.43,2013,Saturday
2013-04-21,0,0,0,3,8,11.51,2013,Sunday
2013-04-22,0,2,1,0,5,10.98,2013,Monday
2013-04-23,0,2,0,1,2,11.06,2013,Tuesday
2013-04-24,0,1,1,0,5,13.55,2013,Wednesday
2013-04-25,0,1,1,2,3,16.33,2013,Thursday
2013-04-26,0,2,2,4,6,16.62,2013,Friday
2013-04-27,0,0,2,4,1,14.18,2013,Saturday
2013-04-28,0,2,2,6,6,15.78,2013,Sunday
2013-04-29,0,1,3,3,7,18.13,2013,Monday
2013-04-30,1,0,4,0,1,18.88,2013,Tuesday
2013-05-01,0,0,3,4,3,19.33,2013,Wednesday
2013-05-02,0,1,2,4,5,16.12,2013,Thursday
2013-05-03,0,1,0,2,9,15.72,2013,Friday
2013-05-04,0,0,2,1,7,16.75,2013,Saturday
2013-05-05,0,0,3,5,8,15.24,2013,Sunday
2013-05-06,0,3,0,5,12,15.49,2013,Monday
2013-05-07,0,0,0,4,2,15.07,2013,Tuesday
2013-05-08,0,0,3,5,3,16.27,2013,Wednesday
2013-05-09,0,0,2,4,4,17.53,2013,Thursday
2013-05-10,0,0,1,6,5,16.35,2013,Friday
2013-05-11,1,1,2,3,3,14.83,2013,Saturday
2013-05-12,0,0,0,1,3,15.2,2013,Sunday
2013-05-13,0,0,2,2,5,15.14,2013,Monday
2013-05-14,0,0,0,4,3,16.46,2013,Tuesday
2013-05-15,1,1,1,2,8,15.99,2013,Wednesday
2013-05-16,0,1,1,4,11,15.11,2013,Thursday
2013-05-17,0,2,2,5,5,13.69,2013,Friday
2013-05-18,0,1,2,2,5,15,2013,Saturday
2013-05-19,0,0,1,4,9,13.62,2013,Sunday
2013-05-20,1,0,0,2,4,12.67,2013,Monday
2013-05-21,0,0,2,3,7,13.36,2013,Tuesday
2013-05-22,0,0,1,3,2,14.76,2013,Wednesday
2013-05-23,0,0,1,5,10,14.79,2013,Thursday
2013-05-24,0,3,1,5,7,11.63,2013,Friday
2013-05-25,0,2,2,2,5,8.75,2013,Saturday
2013-05-26,0,0,2,2,2,11.56,2013,Sunday
2013-05-27,1,1,1,1,6,12.48,2013,Monday
2013-05-28,0,0,0,0,3,12.95,2013,Tuesday
2013-05-29,2,1,0,9,5,12.53,2013,Wednesday
2013-05-30,0,0,4,3,4,10.45,2013,Thursday
2013-05-31,0,2,0,1,12,12.15,2013,Friday
2013-06-01,0,3,2,0,14,14.41,2013,Saturday
2013-06-02,1,0,1,2,4,16.61,2013,Sunday
2013-06-03,0,0,1,3,9,16.22,2013,Monday
2013-06-04,0,0,1,4,8,15.99,2013,Tuesday
2013-06-05,0,0,1,0,6,17.55,2013,Wednesday
2013-06-06,0,0,2,7,4,17.91,2013,Thursday
2013-06-07,0,1,2,1,7,18.71,2013,Friday
2013-06-08,0,3,2,3,7,19.6,2013,Saturday
2013-06-09,0,1,2,4,4,17.73,2013,Sunday
2013-06-10,0,0,2,3,12,15.46,2013,Monday
2013-06-11,0,2,0,9,3,16.77,2013,Tuesday
2013-06-12,0,2,2,4,4,19.85,2013,Wednesday
2013-06-13,0,1,1,3,3,20.8,2013,Thursday
2013-06-14,1,2,3,5,6,21.23,2013,Friday
2013-06-15,0,0,0,2,5,20.29,2013,Saturday
2013-06-16,1,2,2,3,8,21.78,2013,Sunday
2013-06-17,0,0,3,4,4,24.51,2013,Monday
2013-06-18,0,1,3,5,8,26.58,2013,Tuesday
2013-06-19,0,1,2,4,9,26.31,2013,Wednesday
2013-06-20,1,1,2,3,10,25.01,2013,Thursday
2013-06-21,0,0,1,3,6,21.52,2013,Friday
2013-06-22,1,1,1,3,4,20.27,2013,Saturday
2013-06-23,0,1,1,1,5,19.7,2013,Sunday
2013-06-24,0,0,1,5,5,18.15,2013,Monday
2013-06-25,0,0,0,4,2,19.35,2013,Tuesday
2013-06-26,0,0,1,1,3,17.93,2013,Wednesday
2013-06-27,0,1,0,9,8,17.46,2013,Thursday
2013-06-28,0,0,2,4,5,15.97,2013,Friday
2013-06-29,0,2,1,1,0,17.86,2013,Saturday
2013-06-30,0,0,2,3,8,20.56,2013,Sunday
2013-07-01,1,0,0,1,5,22.27,2013,Monday
2013-07-02,0,1,0,5,5,22.35,2013,Tuesday
2013-07-03,0,1,4,1,1,21.75,2013,Wednesday
2013-07-04,0,0,1,1,6,22.45,2013,Thursday
2013-07-05,0,4,1,6,4,23.54,2013,Friday
2013-07-06,0,1,0,1,4,24.11,2013,Saturday
2013-07-07,0,0,3,2,6,23.42,2013,Sunday
2013-07-08,1,2,1,3,11,23.42,2013,Monday
2013-07-09,0,2,0,4,4,23.4,2013,Tuesday
2013-07-10,0,1,1,1,5,24.12,2013,Wednesday
2013-07-11,0,2,0,3,2,24.14,2013,Thursday
2013-07-12,0,1,0,4,1,23.69,2013,Friday
2013-07-13,0,1,2,4,7,23.24,2013,Saturday
2013-07-14,0,2,1,0,2,23.36,2013,Sunday
2013-07-15,0,1,1,2,4,24.43,2013,Monday
2013-07-16,0,1,0,3,6,26.06,2013,Tuesday
2013-07-17,1,1,2,4,2,25.28,2013,Wednesday
2013-07-18,0,0,1,1,6,25.01,2013,Thursday
2013-07-19,1,2,0,2,3,24.21,2013,Friday
2013-07-20,1,1,0,2,9,24.92,2013,Saturday
2013-07-21,0,0,0,0,5,24.33,2013,Sunday
2013-07-22,0,1,1,1,9,25.18,2013,Monday
2013-07-23,0,0,1,2,6,26.01,2013,Tuesday
2013-07-24,0,2,1,3,3,25.01,2013,Wednesday
2013-07-25,0,0,1,2,10,24.55,2013,Thursday
2013-07-26,0,1,2,6,2,26.02,2013,Friday
2013-07-27,1,0,0,5,6,27.5,2013,Saturday
2013-07-28,1,2,2,2,4,27.96,2013,Sunday
2013-07-29,0,1,0,6,8,23.68,2013,Monday
2013-07-30,0,0,1,2,1,24.03,2013,Tuesday
2013-07-31,0,1,1,4,5,24.2,2013,Wednesday
2013-08-01,0,1,4,4,3,24.88,2013,Thursday
2013-08-02,0,1,2,5,10,26.72,2013,Friday
2013-08-03,0,1,1,2,3,28.03,2013,Saturday
2013-08-04,0,0,2,0,9,27.35,2013,Sunday
2013-08-05,0,0,2,6,5,28.24,2013,Monday
2013-08-06,0,2,3,1,5,28.48,2013,Tuesday
2013-08-07,0,2,1,4,8,28.52,2013,Wednesday
2013-08-08,0,0,1,7,8,28.07,2013,Thursday
2013-08-09,0,0,2,3,5,24.32,2013,Friday
2013-08-10,0,3,1,4,4,23.46,2013,Saturday
2013-08-11,0,2,4,3,7,23.58,2013,Sunday
2013-08-12,1,2,2,1,6,24.43,2013,Monday
2013-08-13,0,2,1,7,4,24.88,2013,Tuesday
2013-08-14,0,0,1,3,9,22.89,2013,Wednesday
2013-08-15,0,1,1,4,7,21.79,2013,Thursday
2013-08-16,0,0,5,3,4,22.72,2013,Friday
2013-08-17,0,1,0,2,13,24.4,2013,Saturday
2013-08-18,0,0,1,2,5,25.22,2013,Sunday
2013-08-19,0,1,1,4,9,24.01,2013,Monday
2013-08-20,2,1,2,4,5,19.49,2013,Tuesday
2013-08-21,0,2,4,2,2,21.21,2013,Wednesday
2013-08-22,0,0,3,5,6,21.64,2013,Thursday
2013-08-23,0,0,0,0,4,22.6,2013,Friday
2013-08-24,0,0,1,2,6,22.29,2013,Saturday
2013-08-25,0,3,1,3,6,20.3,2013,Sunday
2013-08-26,0,1,1,2,4,21.01,2013,Monday
2013-08-27,0,1,1,3,11,20.99,2013,Tuesday
2013-08-28,0,0,4,2,9,19.93,2013,Wednesday
2013-08-29,0,0,1,5,5,20.38,2013,Thursday
2013-08-30,0,0,1,1,2,20.51,2013,Friday
2013-08-31,0,0,0,7,6,20.81,2013,Saturday
2013-09-01,1,1,0,1,6,21.42,2013,Sunday
2013-09-02,0,0,1,2,3,21.09,2013,Monday
2013-09-03,0,3,1,3,4,23.42,2013,Tuesday
2013-09-04,0,0,1,2,7,25.05,2013,Wednesday
2013-09-05,0,0,2,5,4,24.76,2013,Thursday
2013-09-06,0,1,0,5,5,24.94,2013,Friday
2013-09-07,0,0,1,2,4,24.95,2013,Saturday
2013-09-08,1,0,0,1,5,22.78,2013,Sunday
2013-09-09,0,3,2,6,3,20.77,2013,Monday
2013-09-10,0,0,0,6,2,18.98,2013,Tuesday
2013-09-11,0,2,0,3,7,18.84,2013,Wednesday
2013-09-12,0,0,3,3,2,17.46,2013,Thursday
2013-09-13,0,1,1,3,6,18.88,2013,Friday
2013-09-14,1,4,0,2,6,18.52,2013,Saturday
2013-09-15,0,0,2,3,6,17.06,2013,Sunday
2013-09-16,0,1,2,2,1,17.33,2013,Monday
2013-09-17,0,1,0,4,3,18.11,2013,Tuesday
2013-09-18,0,1,0,1,7,17.37,2013,Wednesday
2013-09-19,0,1,4,5,5,18.96,2013,Thursday
2013-09-20,0,2,0,3,6,19.06,2013,Friday
2013-09-21,0,1,4,4,9,19.48,2013,Saturday
2013-09-22,0,1,3,0,7,18.2,2013,Sunday
2013-09-23,0,1,1,3,5,18.82,2013,Monday
2013-09-24,1,1,0,3,5,17.9,2013,Tuesday
2013-09-25,1,0,1,4,4,17.19,2013,Wednesday
2013-09-26,1,1,5,7,5,17.42,2013,Thursday
2013-09-27,1,2,1,4,5,17.9,2013,Friday
2013-09-28,0,0,1,3,5,19.07,2013,Saturday
2013-09-29,0,1,1,5,6,17.5,2013,Sunday
2013-09-30,0,1,0,3,5,16.15,2013,Monday
2013-10-01,0,1,2,1,4,16.5,2013,Tuesday
2013-10-02,1,0,1,4,4,16.07,2013,Wednesday
2013-10-03,0,0,1,1,6,14.44,2013,Thursday
2013-10-04,0,0,2,2,6,15.64,2013,Friday
2013-10-05,0,0,1,3,11,13.5,2013,Saturday
2013-10-06,0,2,4,6,8,14.02,2013,Sunday
2013-10-07,0,0,2,4,2,15.91,2013,Monday
2013-10-08,1,2,0,2,11,15.03,2013,Tuesday
2013-10-09,0,0,2,3,7,15.39,2013,Wednesday
2013-10-10,0,0,2,5,7,15.16,2013,Thursday
2013-10-11,0,0,1,1,4,14.4,2013,Friday
2013-10-12,1,0,3,4,10,12.96,2013,Saturday
2013-10-13,1,2,2,1,1,13.58,2013,Sunday
2013-10-14,0,0,1,1,5,14.33,2013,Monday
2013-10-15,1,0,0,1,5,14.64,2013,Tuesday
2013-10-16,2,1,4,1,5,16.59,2013,Wednesday
2013-10-17,0,1,1,2,6,14.81,2013,Thursday
2013-10-18,0,0,2,3,4,15.3,2013,Friday
2013-10-19,1,0,0,3,9,15.59,2013,Saturday
2013-10-20,0,0,3,1,2,15.59,2013,Sunday
2013-10-21,0,0,1,5,9,16.31,2013,Monday
2013-10-22,0,1,0,1,5,17.56,2013,Tuesday
2013-10-23,0,2,1,5,8,16.68,2013,Wednesday
2013-10-24,0,0,0,1,7,16.5,2013,Thursday
2013-10-25,0,1,0,3,4,17.64,2013,Friday
2013-10-26,0,1,4,3,3,17.18,2013,Saturday
2013-10-27,0,0,1,1,3,16.16,2013,Sunday
2013-10-28,0,3,2,1,7,17.67,2013,Monday
2013-10-29,0,1,4,3,7,17.92,2013,Tuesday
2013-10-30,1,0,2,2,8,16.21,2013,Wednesday
2013-10-31,0,0,0,3,5,14.78,2013,Thursday
2013-11-01,0,1,0,1,4,13.93,2013,Friday
2013-11-02,0,1,1,2,9,13.87,2013,Saturday
2013-11-03,1,0,3,6,4,15.64,2013,Sunday
2013-11-04,0,0,1,3,5,13.54,2013,Monday
2013-11-05,0,0,2,2,9,13.36,2013,Tuesday
2013-11-06,1,0,0,1,4,11.89,2013,Wednesday
2013-11-07,0,1,0,6,6,13,2013,Thursday
2013-11-08,0,3,2,4,3,14.51,2013,Friday
2013-11-09,0,0,0,6,7,15.43,2013,Saturday
2013-11-10,0,0,1,3,3,11.66,2013,Sunday
2013-11-11,0,0,1,0,3,8.45,2013,Monday
2013-11-12,1,1,1,5,9,10.22,2013,Tuesday
2013-11-13,0,3,4,5,3,11.8,2013,Wednesday
2013-11-14,0,1,1,4,10,11.74,2013,Thursday
2013-11-15,1,1,1,6,10,11.63,2013,Friday
2013-11-16,1,2,0,1,10,10.8,2013,Saturday
2013-11-17,0,1,2,3,8,10.94,2013,Sunday
2013-11-18,0,1,2,3,5,11.98,2013,Monday
2013-11-19,0,0,3,5,5,11.58,2013,Tuesday
2013-11-20,0,1,4,1,3,8.5,2013,Wednesday
2013-11-21,0,1,4,3,6,6.54,2013,Thursday
2013-11-22,0,0,1,4,7,5.99,2013,Friday
2013-11-23,0,3,2,4,9,5.76,2013,Saturday
2013-11-24,0,0,0,3,3,6.64,2013,Sunday
2013-11-25,0,0,4,2,4,4.38,2013,Monday
2013-11-26,0,2,2,4,9,2.13,2013,Tuesday
2013-11-27,0,1,2,4,4,2.11,2013,Wednesday
2013-11-28,0,2,1,4,10,2.77,2013,Thursday
2013-11-29,0,0,2,4,6,2.48,2013,Friday
2013-11-30,0,1,2,6,8,3.12,2013,Saturday
2013-12-01,0,0,0,2,6,5.15,2013,Sunday
2013-12-02,0,0,1,2,9,6.19,2013,Monday
2013-12-03,0,0,3,4,11,4.56,2013,Tuesday
2013-12-04,0,1,1,2,6,4.18,2013,Wednesday
2013-12-05,0,1,2,6,2,4.2,2013,Thursday
2013-12-06,0,1,1,2,7,3.59,2013,Friday
2013-12-07,1,1,1,6,8,3.18,2013,Saturday
2013-12-08,1,1,3,2,8,3.08,2013,Sunday
2013-12-09,0,1,0,2,4,3.3,2013,Monday
2013-12-10,0,3,3,3,9,3.92,2013,Tuesday
2013-12-11,0,1,4,2,6,4,2013,Wednesday
2013-12-12,0,0,1,4,7,2.99,2013,Thursday
2013-12-13,0,2,2,7,5,3.05,2013,Friday
2013-12-14,0,3,4,2,8,3.99,2013,Saturday
2013-12-15,0,0,2,3,8,4.55,2013,Sunday
2013-12-16,0,1,1,3,8,3.16,2013,Monday
2013-12-17,0,2,3,1,5,2.83,2013,Tuesday
2013-12-18,1,0,0,8,12,2.17,2013,Wednesday
2013-12-19,0,0,2,2,3,3.29,2013,Thursday
2013-12-20,0,3,0,5,10,7.03,2013,Friday
2013-12-21,1,1,2,3,4,8.76,2013,Saturday
2013-12-22,0,0,1,3,9,7.73,2013,Sunday
2013-12-23,0,0,0,3,5,7.85,2013,Monday
2013-12-24,0,0,2,3,7,6.6,2013,Tuesday
2013-12-25,0,0,1,5,2,10.34,2013,Wednesday
2013-12-26,1,1,2,3,7,8.97,2013,Thursday
2013-12-27,0,1,1,3,7,6.11,2013,Friday
2013-12-28,0,0,2,5,7,5.65,2013,Saturday
2013-12-29,0,0,1,2,7,8.84,2013,Sunday
2013-12-30,0,0,2,6,7,6.79,2013,Monday
2013-12-31,0,0,1,5,6,4.95,2013,Tuesday
2014-01-01,0,0,1,6,9,3.61,2014,Wednesday
2014-01-02,0,3,1,3,6,4.95,2014,Thursday
2014-01-03,0,1,0,7,8,9.09,2014,Friday
2014-01-04,0,0,1,3,11,10.93,2014,Saturday
2014-01-05,1,0,0,1,4,9.56,2014,Sunday
2014-01-06,0,2,3,2,8,7.84,2014,Monday
2014-01-07,1,0,2,2,4,6.16,2014,Tuesday
2014-01-08,0,0,0,5,11,6.66,2014,Wednesday
2014-01-09,0,0,2,5,9,6.24,2014,Thursday
2014-01-10,1,0,2,3,6,8.38,2014,Friday
2014-01-11,1,0,3,5,11,7.82,2014,Saturday
2014-01-12,0,2,0,3,8,7.01,2014,Sunday
2014-01-13,0,2,1,5,5,6.02,2014,Monday
2014-01-14,1,0,1,3,5,8.02,2014,Tuesday
2014-01-15,0,1,0,1,8,7.66,2014,Wednesday
2014-01-16,0,0,1,5,6,5.92,2014,Thursday
2014-01-17,0,0,1,3,4,9.91,2014,Friday
2014-01-18,0,1,2,0,2,11,2014,Saturday
2014-01-19,0,1,3,5,9,10.58,2014,Sunday
2014-01-20,0,2,5,4,9,9.32,2014,Monday
2014-01-21,1,0,3,3,10,7.91,2014,Tuesday
2014-01-22,0,1,0,3,8,6.15,2014,Wednesday
2014-01-23,1,1,0,2,6,6.13,2014,Thursday
2014-01-24,0,0,1,5,7,5.55,2014,Friday
2014-01-25,0,1,1,6,8,5.72,2014,Saturday
2014-01-26,0,1,1,2,8,4.1,2014,Sunday
2014-01-27,0,1,4,3,8,2.81,2014,Monday
2014-01-28,0,1,0,2,13,2.38,2014,Tuesday
2014-01-29,1,0,2,5,4,3.16,2014,Wednesday
2014-01-30,0,0,2,5,7,6.73,2014,Thursday
2014-01-31,1,2,2,7,3,8.45,2014,Friday
2014-02-01,0,0,1,5,6,9.1,2014,Saturday
2014-02-02,0,0,1,4,7,8.25,2014,Sunday
2014-02-03,0,1,2,9,4,8.66,2014,Monday
2014-02-04,0,0,2,2,11,7.65,2014,Tuesday
2014-02-05,0,2,1,5,3,7.39,2014,Wednesday
2014-02-06,0,0,1,5,12,7.31,2014,Thursday
2014-02-07,0,0,0,3,1,7.18,2014,Friday
2014-02-08,0,0,1,3,9,8.87,2014,Saturday
2014-02-09,0,3,3,2,8,8.28,2014,Sunday
2014-02-10,0,0,1,7,8,7.35,2014,Monday
2014-02-11,0,1,3,2,12,9.36,2014,Tuesday
2014-02-12,0,1,0,5,7,8.07,2014,Wednesday
2014-02-13,0,0,1,5,9,7.17,2014,Thursday
2014-02-14,0,0,2,4,7,10.06,2014,Friday
2014-02-15,0,1,0,6,16,9.49,2014,Saturday
2014-02-16,1,1,1,2,7,11.7,2014,Sunday
2014-02-17,0,2,2,5,5,10.23,2014,Monday
2014-02-18,0,1,3,5,6,10.16,2014,Tuesday
2014-02-19,0,0,0,1,4,10.76,2014,Wednesday
2014-02-20,0,1,4,1,7,9.5,2014,Thursday
2014-02-21,0,1,0,5,6,8.83,2014,Friday
2014-02-22,0,0,2,3,4,7.79,2014,Saturday
2014-02-23,0,1,1,8,5,5.48,2014,Sunday
2014-02-24,0,0,2,4,5,6.12,2014,Monday
2014-02-25,0,4,1,9,7,6.72,2014,Tuesday
2014-02-26,0,0,2,4,6,6.58,2014,Wednesday
2014-02-27,0,0,0,2,3,6.43,2014,Thursday
2014-02-28,0,1,1,3,8,6.62,2014,Friday
2014-03-01,1,1,3,2,6,6.63,2014,Saturday
2014-03-02,0,2,0,2,4,6.32,2014,Sunday
2014-03-03,1,0,2,4,8,6.41,2014,Monday
2014-03-04,0,2,1,2,7,7.14,2014,Tuesday
2014-03-05,1,2,1,4,8,8.14,2014,Wednesday
2014-03-06,0,1,0,6,7,7.85,2014,Thursday
2014-03-07,0,1,1,8,10,9.56,2014,Friday
2014-03-08,0,1,1,3,10,8.13,2014,Saturday
2014-03-09,0,2,2,5,3,7.69,2014,Sunday
2014-03-10,1,1,3,4,5,7.73,2014,Monday
2014-03-11,0,2,0,4,3,7.15,2014,Tuesday
2014-03-12,0,0,1,5,8,7.6,2014,Wednesday
2014-03-13,0,4,3,4,5,10.07,2014,Thursday
2014-03-14,0,0,2,10,13,11.14,2014,Friday
2014-03-15,0,0,3,3,9,10.43,2014,Saturday
2014-03-16,0,0,0,6,11,10.48,2014,Sunday
2014-03-17,0,0,2,2,2,10.52,2014,Monday
2014-03-18,0,1,2,5,7,10.32,2014,Tuesday
2014-03-19,0,3,0,6,5,11.77,2014,Wednesday
2014-03-20,0,0,0,4,8,12.87,2014,Thursday
2014-03-21,0,2,3,1,4,12.48,2014,Friday
2014-03-22,0,0,2,1,5,11.42,2014,Saturday
2014-03-23,0,0,1,1,7,9.91,2014,Sunday
2014-03-24,0,1,2,3,8,7.31,2014,Monday
2014-03-25,0,0,0,5,3,6.86,2014,Tuesday
2014-03-26,2,0,0,4,7,7.43,2014,Wednesday
2014-03-27,0,1,1,6,8,8.34,2014,Thursday
2014-03-28,0,2,2,6,3,10.31,2014,Friday
2014-03-29,0,1,0,5,9,11.2,2014,Saturday
2014-03-30,0,0,1,5,4,12.19,2014,Sunday
2014-03-31,1,0,2,5,2,12.27,2014,Monday
2014-04-01,0,0,3,4,8,9.8,2014,Tuesday
2014-04-02,0,0,2,3,4,10.86,2014,Wednesday
2014-04-03,0,2,1,4,7,12.61,2014,Thursday
2014-04-04,0,1,0,5,3,12.17,2014,Friday
2014-04-05,0,1,1,6,14,11.72,2014,Saturday
2014-04-06,0,0,1,3,3,13.12,2014,Sunday
2014-04-07,0,0,1,4,8,15.27,2014,Monday
2014-04-08,1,0,0,4,8,13.84,2014,Tuesday
2014-04-09,0,2,3,3,9,12.53,2014,Wednesday
2014-04-10,0,4,1,2,6,12.17,2014,Thursday
2014-04-11,0,2,0,4,9,12.65,2014,Friday
2014-04-12,0,1,2,4,11,13.26,2014,Saturday
2014-04-13,0,1,1,4,8,13.66,2014,Sunday
2014-04-14,2,0,2,5,10,12.47,2014,Monday
2014-04-15,0,0,1,0,4,11.13,2014,Tuesday
2014-04-16,1,0,1,7,4,9.02,2014,Wednesday
2014-04-17,1,0,0,1,4,9.72,2014,Thursday
2014-04-18,1,1,1,6,3,10.59,2014,Friday
2014-04-19,0,0,3,7,4,10.66,2014,Saturday
2014-04-20,0,0,2,3,5,12.98,2014,Sunday
2014-04-21,0,0,2,6,5,13.26,2014,Monday
2014-04-22,0,1,1,5,8,13.79,2014,Tuesday
2014-04-23,1,1,1,6,6,14.39,2014,Wednesday
2014-04-24,0,0,0,3,12,16.34,2014,Thursday
2014-04-25,1,0,2,5,8,15.67,2014,Friday
2014-04-26,0,0,3,6,4,15.11,2014,Saturday
2014-04-27,0,0,1,2,4,12.96,2014,Sunday
2014-04-28,0,1,0,4,7,12,2014,Monday
2014-04-29,0,2,2,2,8,13.33,2014,Tuesday
2014-04-30,0,0,0,2,3,12.24,2014,Wednesday
2014-05-01,0,1,0,4,7,12.85,2014,Thursday
2014-05-02,0,0,0,6,10,12.93,2014,Friday
2014-05-03,0,0,3,1,8,12.76,2014,Saturday
2014-05-04,1,0,0,8,12,13.92,2014,Sunday
2014-05-05,1,1,2,1,9,13.62,2014,Monday
2014-05-06,0,3,2,8,7,14.66,2014,Tuesday
2014-05-07,0,0,2,1,6,13.47,2014,Wednesday
2014-05-08,0,2,3,4,10,16.12,2014,Thursday
2014-05-09,0,0,2,2,5,16.93,2014,Friday
2014-05-10,0,1,0,3,3,16.64,2014,Saturday
2014-05-11,0,2,1,4,9,16.27,2014,Sunday
2014-05-12,0,0,1,2,10,14.8,2014,Monday
2014-05-13,0,1,1,0,7,13.03,2014,Tuesday
2014-05-14,1,1,1,1,7,14.18,2014,Wednesday
2014-05-15,0,0,0,4,4,13.83,2014,Thursday
2014-05-16,0,0,0,2,6,14.72,2014,Friday
2014-05-17,0,0,2,1,4,14.28,2014,Saturday
2014-05-18,0,1,2,3,1,14.93,2014,Sunday
2014-05-19,0,3,1,2,6,15.17,2014,Monday
2014-05-20,0,3,1,3,2,17.15,2014,Tuesday
2014-05-21,1,0,3,4,3,19.53,2014,Wednesday
2014-05-22,0,3,3,5,6,19.89,2014,Thursday
2014-05-23,0,3,2,2,9,16.66,2014,Friday
2014-05-24,0,2,0,5,5,16.73,2014,Saturday
2014-05-25,0,0,3,3,6,18.65,2014,Sunday
2014-05-26,0,0,1,5,8,17.65,2014,Monday
2014-05-27,0,0,2,5,8,14.41,2014,Tuesday
2014-05-28,0,1,3,4,4,15.05,2014,Wednesday
2014-05-29,0,1,2,3,5,15.75,2014,Thursday
2014-05-30,0,0,0,1,9,16.81,2014,Friday
2014-05-31,0,0,2,4,3,15.24,2014,Saturday
2014-06-01,0,1,2,0,2,16.53,2014,Sunday
2014-06-02,0,0,0,2,5,17.97,2014,Monday
2014-06-03,0,0,0,4,3,19.46,2014,Tuesday
2014-06-04,0,0,0,1,4,19.11,2014,Wednesday
2014-06-05,0,1,3,1,5,19.08,2014,Thursday
2014-06-06,3,2,0,4,8,21.43,2014,Friday
2014-06-07,0,1,1,3,5,23.64,2014,Saturday
2014-06-08,0,0,1,3,9,24.86,2014,Sunday
2014-06-09,0,0,4,0,2,24.88,2014,Monday
2014-06-10,1,2,1,5,7,25.2,2014,Tuesday
2014-06-11,1,0,1,2,6,27.25,2014,Wednesday
2014-06-12,0,0,1,7,3,26.94,2014,Thursday
2014-06-13,0,2,3,2,5,25.27,2014,Friday
2014-06-14,0,0,2,5,12,22.53,2014,Saturday
2014-06-15,0,2,3,0,4,19.03,2014,Sunday
2014-06-16,0,0,1,3,7,17.61,2014,Monday
2014-06-17,0,1,3,1,4,18.16,2014,Tuesday
2014-06-18,0,0,1,1,4,17.56,2014,Wednesday
2014-06-19,1,0,2,1,8,19.27,2014,Thursday
2014-06-20,0,0,0,4,7,20.01,2014,Friday
2014-06-21,0,1,1,5,4,21.01,2014,Saturday
2014-06-22,0,0,1,2,5,21.62,2014,Sunday
2014-06-23,0,0,0,2,6,22.68,2014,Monday
2014-06-24,0,0,0,7,7,23.14,2014,Tuesday
2014-06-25,0,1,0,2,4,19.56,2014,Wednesday
2014-06-26,0,3,1,0,6,19.84,2014,Thursday
2014-06-27,0,1,2,2,7,20.62,2014,Friday
2014-06-28,1,1,2,4,5,21.34,2014,Saturday
2014-06-29,0,0,2,2,6,21.17,2014,Sunday
2014-06-30,0,0,1,3,10,20.21,2014,Monday
2014-07-01,0,1,0,6,4,20.81,2014,Tuesday
2014-07-02,0,1,1,3,10,21.88,2014,Wednesday
2014-07-03,0,0,2,2,7,22.73,2014,Thursday
2014-07-04,0,0,0,1,6,23.56,2014,Friday
2014-07-05,1,1,1,6,8,21.46,2014,Saturday
2014-07-06,0,3,0,2,3,22.37,2014,Sunday
2014-07-07,0,0,2,4,5,22.98,2014,Monday
2014-07-08,0,1,0,3,6,19.35,2014,Tuesday
2014-07-09,0,0,2,3,2,18.03,2014,Wednesday
2014-07-10,1,2,1,4,6,17.65,2014,Thursday
2014-07-11,0,0,2,4,4,19.04,2014,Friday
2014-07-12,0,0,1,1,4,19.76,2014,Saturday
2014-07-13,1,0,0,2,2,19.62,2014,Sunday
2014-07-14,0,1,1,3,4,18.97,2014,Monday
2014-07-15,1,1,1,3,6,20.96,2014,Tuesday
2014-07-16,2,0,3,4,7,23.15,2014,Wednesday
2014-07-17,0,0,2,2,5,24.75,2014,Thursday
2014-07-18,0,2,1,5,2,26.25,2014,Friday
2014-07-19,0,1,1,0,10,26.78,2014,Saturday
2014-07-20,0,2,1,4,7,26.1,2014,Sunday
2014-07-21,0,1,1,0,3,19.89,2014,Monday
2014-07-22,0,0,1,1,6,21.2,2014,Tuesday
2014-07-23,0,0,3,2,10,22.47,2014,Wednesday
2014-07-24,0,0,1,4,5,21.36,2014,Thursday
2014-07-25,0,0,0,2,6,22.19,2014,Friday
2014-07-26,0,1,2,3,8,20.28,2014,Saturday
2014-07-27,0,1,0,3,2,21.23,2014,Sunday
2014-07-28,0,1,1,1,7,22.03,2014,Monday
2014-07-29,0,2,0,2,3,19.27,2014,Tuesday
2014-07-30,0,1,0,1,5,18.64,2014,Wednesday
2014-07-31,0,1,1,2,6,21.09,2014,Thursday
2014-08-01,0,0,1,2,7,22.44,2014,Friday
2014-08-02,0,1,0,2,3,22.52,2014,Saturday
2014-08-03,0,0,0,3,5,20.98,2014,Sunday
2014-08-04,1,0,1,4,9,21.31,2014,Monday
2014-08-05,0,0,2,1,4,21.26,2014,Tuesday
2014-08-06,0,1,1,3,5,22.23,2014,Wednesday
2014-08-07,0,0,0,4,2,23.12,2014,Thursday
2014-08-08,0,0,1,5,6,24.23,2014,Friday
2014-08-09,1,0,3,4,2,23.2,2014,Saturday
2014-08-10,0,2,1,2,9,23.81,2014,Sunday
2014-08-11,0,1,3,4,4,23.45,2014,Monday
2014-08-12,0,1,2,3,1,23.53,2014,Tuesday
2014-08-13,0,0,1,3,6,22.53,2014,Wednesday
2014-08-14,0,0,2,4,4,20.6,2014,Thursday
2014-08-15,1,1,0,1,3,19.28,2014,Friday
2014-08-16,0,2,0,4,6,18.52,2014,Saturday
2014-08-17,0,0,3,1,2,18.63,2014,Sunday
2014-08-18,0,2,1,0,5,19.46,2014,Monday
2014-08-19,0,2,1,1,7,20.47,2014,Tuesday
2014-08-20,0,1,0,5,5,20.72,2014,Wednesday
2014-08-21,1,3,3,2,11,20.72,2014,Thursday
2014-08-22,0,1,0,3,2,20.44,2014,Friday
2014-08-23,0,0,0,4,2,18.96,2014,Saturday
2014-08-24,0,1,2,3,7,19.7,2014,Sunday
2014-08-25,0,1,2,2,2,19.93,2014,Monday
2014-08-26,0,1,0,3,6,19.82,2014,Tuesday
2014-08-27,0,0,2,3,8,21.99,2014,Wednesday
2014-08-28,0,0,0,2,7,20.47,2014,Thursday
2014-08-29,0,2,1,2,5,22.02,2014,Friday
2014-08-30,0,0,1,4,5,23.07,2014,Saturday
2014-08-31,0,4,1,3,5,22.2,2014,Sunday
2014-09-01,0,0,2,5,11,18.43,2014,Monday
2014-09-02,0,0,1,3,7,17.98,2014,Tuesday
2014-09-03,0,2,2,4,6,17.44,2014,Wednesday
2014-09-04,0,1,1,1,6,18.19,2014,Thursday
2014-09-05,0,1,1,5,3,19.54,2014,Friday
2014-09-06,0,0,0,5,3,20.45,2014,Saturday
2014-09-07,1,2,0,2,6,20.9,2014,Sunday
2014-09-08,0,0,2,2,5,21.53,2014,Monday
2014-09-09,0,0,1,1,2,21.72,2014,Tuesday
2014-09-10,0,0,2,4,6,19.56,2014,Wednesday
2014-09-11,0,2,3,3,6,18.11,2014,Thursday
2014-09-12,0,0,1,3,6,14.77,2014,Friday
2014-09-13,0,1,1,3,7,16.59,2014,Saturday
2014-09-14,1,0,0,3,5,18.7,2014,Sunday
2014-09-15,0,0,0,2,7,20.14,2014,Monday
2014-09-16,0,1,2,4,4,19.52,2014,Tuesday
2014-09-17,0,1,1,1,10,18.25,2014,Wednesday
2014-09-18,0,1,3,5,10,18.71,2014,Thursday
2014-09-19,0,3,3,8,5,20.11,2014,Friday
2014-09-20,0,1,2,6,4,20.77,2014,Saturday
2014-09-21,1,1,3,5,2,19.99,2014,Sunday
2014-09-22,0,0,3,2,3,18.9,2014,Monday
2014-09-23,0,1,3,2,3,15.79,2014,Tuesday
2014-09-24,0,0,1,6,3,14.81,2014,Wednesday
2014-09-25,0,0,1,1,3,16.5,2014,Thursday
2014-09-26,1,0,1,3,3,16.41,2014,Friday
2014-09-27,1,5,2,1,5,17.95,2014,Saturday
2014-09-28,0,0,1,3,13,17.62,2014,Sunday
2014-09-29,0,0,1,2,7,17.59,2014,Monday
2014-09-30,0,1,2,1,3,19.25,2014,Tuesday
2014-10-01,0,1,0,3,7,17.99,2014,Wednesday
2014-10-02,0,0,1,2,2,17.68,2014,Thursday
2014-10-03,0,3,3,2,5,16.59,2014,Friday
2014-10-04,0,0,2,3,6,15.54,2014,Saturday
2014-10-05,0,0,2,4,10,15.06,2014,Sunday
2014-10-06,0,3,1,1,8,14.81,2014,Monday
2014-10-07,0,1,4,6,6,15.5,2014,Tuesday
2014-10-08,0,0,1,2,8,18.22,2014,Wednesday
2014-10-09,1,0,1,4,3,18.55,2014,Thursday
2014-10-10,0,1,0,2,6,19.88,2014,Friday
2014-10-11,0,0,2,2,9,18.11,2014,Saturday
2014-10-12,1,0,1,2,7,19.64,2014,Sunday
2014-10-13,0,1,2,4,7,18.69,2014,Monday
2014-10-14,1,0,0,2,8,16.97,2014,Tuesday
2014-10-15,0,1,1,3,2,17.46,2014,Wednesday
2014-10-16,1,0,1,1,5,17.56,2014,Thursday
2014-10-17,1,1,1,2,5,18.65,2014,Friday
2014-10-18,0,2,1,5,6,19.33,2014,Saturday
2014-10-19,0,1,0,2,4,18.47,2014,Sunday
2014-10-20,0,0,1,2,8,16.41,2014,Monday
2014-10-21,0,1,0,4,3,17.27,2014,Tuesday
2014-10-22,0,1,0,4,6,13.87,2014,Wednesday
2014-10-23,0,2,2,6,5,12.43,2014,Thursday
2014-10-24,1,0,1,2,9,13.61,2014,Friday
2014-10-25,0,0,4,5,7,10.81,2014,Saturday
2014-10-26,0,1,2,3,9,10.24,2014,Sunday
2014-10-27,0,1,2,5,2,10.4,2014,Monday
2014-10-28,0,2,0,4,8,9.26,2014,Tuesday
2014-10-29,0,1,1,2,3,9.36,2014,Wednesday
2014-10-30,0,1,0,2,4,8.69,2014,Thursday
2014-10-31,0,0,0,3,5,9.1,2014,Friday
2014-11-01,0,3,1,4,6,10.49,2014,Saturday
2014-11-02,0,0,0,4,5,11.05,2014,Sunday
2014-11-03,0,0,1,4,7,10.45,2014,Monday
2014-11-04,0,1,1,6,7,13.8,2014,Tuesday
2014-11-05,0,1,6,5,10,14.55,2014,Wednesday
2014-11-06,0,1,0,3,2,13.07,2014,Thursday
2014-11-07,0,0,2,2,5,12.87,2014,Friday
2014-11-08,1,2,1,5,5,13.74,2014,Saturday
2014-11-09,0,1,0,2,13,13.57,2014,Sunday
2014-11-10,0,0,1,7,6,13.66,2014,Monday
2014-11-11,0,1,0,6,7,15.04,2014,Tuesday
2014-11-12,0,2,1,3,5,13.48,2014,Wednesday
2014-11-13,0,0,1,4,8,13.15,2014,Thursday
2014-11-14,1,0,0,2,7,12.73,2014,Friday
2014-11-15,0,1,0,4,5,11.55,2014,Saturday
2014-11-16,1,0,1,3,6,11.09,2014,Sunday
2014-11-17,0,0,1,2,7,10.48,2014,Monday
2014-11-18,0,1,3,5,7,10.67,2014,Tuesday
2014-11-19,1,1,1,1,4,10.41,2014,Wednesday
2014-11-20,0,1,2,4,5,8.49,2014,Thursday
2014-11-21,0,1,3,4,5,8.9,2014,Friday
2014-11-22,0,1,3,2,7,11.41,2014,Saturday
2014-11-23,0,1,1,6,6,11.16,2014,Sunday
2014-11-24,1,0,1,3,6,11.16,2014,Monday
2014-11-25,0,1,0,2,8,10.89,2014,Tuesday
2014-11-26,1,2,1,4,8,11.39,2014,Wednesday
2014-11-27,0,1,1,1,8,11.68,2014,Thursday
2014-11-28,0,1,1,4,3,12.04,2014,Friday
2014-11-29,0,0,2,5,2,12.54,2014,Saturday
2014-11-30,0,0,2,4,8,13.3,2014,Sunday
2014-12-01,0,0,0,4,7,12.2,2014,Monday
2014-12-02,0,0,2,4,7,10.75,2014,Tuesday
2014-12-03,0,1,1,1,7,9.06,2014,Wednesday
2014-12-04,0,1,1,1,1,10,2014,Thursday
2014-12-05,1,0,1,2,7,9.69,2014,Friday
2014-12-06,0,1,0,0,6,9.46,2014,Saturday
2014-12-07,0,2,2,2,5,8.2,2014,Sunday
2014-12-08,0,1,0,1,3,6.28,2014,Monday
2014-12-09,0,1,2,1,12,6.01,2014,Tuesday
2014-12-10,0,0,2,1,5,5.31,2014,Wednesday
2014-12-11,0,0,1,1,7,4.4,2014,Thursday
2014-12-12,0,0,2,4,7,4.26,2014,Friday
2014-12-13,0,1,1,3,7,7.12,2014,Saturday
2014-12-14,0,0,1,4,14,8.84,2014,Sunday
2014-12-15,0,0,0,3,12,9.94,2014,Monday
2014-12-16,0,0,0,3,9,9.56,2014,Tuesday
2014-12-17,0,0,0,2,4,9.68,2014,Wednesday
2014-12-18,1,1,0,5,4,8.17,2014,Thursday
2014-12-19,0,1,0,5,7,6.83,2014,Friday
2014-12-20,1,0,0,4,6,8.01,2014,Saturday
2014-12-21,0,1,1,5,6,7.02,2014,Sunday
2014-12-22,1,0,6,6,7,6.03,2014,Monday
2014-12-23,0,0,5,4,11,7.81,2014,Tuesday
2014-12-24,0,0,1,9,7,7.84,2014,Wednesday
2014-12-25,0,0,2,2,3,8.26,2014,Thursday
2014-12-26,2,2,0,4,6,5.28,2014,Friday
2014-12-27,0,1,3,1,10,2.52,2014,Saturday
2014-12-28,0,0,1,2,8,1.21,2014,Sunday
2014-12-29,0,3,4,2,8,1.05,2014,Monday
2014-12-30,0,1,0,4,8,-1.79,2014,Tuesday
2014-12-31,0,0,1,6,11,-1.45,2014,Wednesday
2015-01-01,1,2,2,4,10,-0.54,2015,Thursday
2015-01-02,1,1,2,2,11,3.48,2015,Friday
2015-01-03,0,2,3,5,8,4.41,2015,Saturday
2015-01-04,1,1,2,4,11,6.48,2015,Sunday
2015-01-05,0,1,2,3,11,4.19,2015,Monday
2015-01-06,1,3,1,3,10,4.76,2015,Tuesday
2015-01-07,0,1,3,6,6,6.27,2015,Wednesday
2015-01-08,0,0,1,6,11,6.96,2015,Thursday
2015-01-09,0,1,1,4,17,6.84,2015,Friday
2015-01-10,1,0,3,4,3,6.93,2015,Saturday
2015-01-11,2,2,1,1,12,6.02,2015,Sunday
2015-01-12,0,2,3,1,11,3.32,2015,Monday
2015-01-13,0,1,2,9,7,4.06,2015,Tuesday
2015-01-14,0,1,1,4,10,6.58,2015,Wednesday
2015-01-15,0,2,1,2,14,6.71,2015,Thursday
2015-01-16,0,2,1,1,11,8.25,2015,Friday
2015-01-17,0,1,3,3,12,9.11,2015,Saturday
2015-01-18,0,0,4,5,11,5.9,2015,Sunday
2015-01-19,0,1,1,6,7,3.67,2015,Monday
2015-01-20,0,1,1,1,8,4.71,2015,Tuesday
2015-01-21,0,2,0,3,13,6.82,2015,Wednesday
2015-01-22,0,1,1,5,11,7.24,2015,Thursday
2015-01-23,0,1,1,3,4,6.79,2015,Friday
2015-01-24,0,2,3,2,12,7.47,2015,Saturday
2015-01-25,0,2,1,4,9,3.66,2015,Sunday
2015-01-26,0,3,3,5,7,2.84,2015,Monday
2015-01-27,0,2,2,2,8,1.94,2015,Tuesday
2015-01-28,0,2,0,1,8,2.37,2015,Wednesday
2015-01-29,0,3,4,3,13,2.17,2015,Thursday
2015-01-30,1,0,1,6,10,4.88,2015,Friday
2015-01-31,0,1,2,3,5,3.11,2015,Saturday
2015-02-01,1,0,4,6,9,1.99,2015,Sunday
2015-02-02,0,1,1,3,8,1.19,2015,Monday
2015-02-03,0,0,1,7,8,2.29,2015,Tuesday
2015-02-04,0,1,2,5,10,3.58,2015,Wednesday
2015-02-05,0,0,0,2,13,3.4,2015,Thursday
2015-02-06,0,4,0,7,3,2.19,2015,Friday
2015-02-07,0,0,2,3,9,1.66,2015,Saturday
2015-02-08,0,0,3,5,9,0.82,2015,Sunday
2015-02-09,0,0,0,2,11,1.57,2015,Monday
2015-02-10,0,0,0,7,6,4.99,2015,Tuesday
2015-02-11,2,1,1,9,8,5.58,2015,Wednesday
2015-02-12,2,1,0,5,7,5.21,2015,Thursday
2015-02-13,0,2,2,5,10,6.62,2015,Friday
2015-02-14,0,2,1,4,6,5.88,2015,Saturday
2015-02-15,0,0,0,4,9,5.89,2015,Sunday
2015-02-16,0,0,2,3,11,7.61,2015,Monday
2015-02-17,0,1,1,1,14,8.13,2015,Tuesday
2015-02-18,0,1,2,5,9,3.98,2015,Wednesday
2015-02-19,0,1,2,6,6,4.34,2015,Thursday
2015-02-20,4,2,0,3,6,5,2015,Friday
2015-02-21,0,1,1,3,10,5.14,2015,Saturday
2015-02-22,0,0,2,6,10,6.35,2015,Sunday
2015-02-23,0,1,1,4,8,8.21,2015,Monday
2015-02-24,1,0,3,6,8,7.55,2015,Tuesday
2015-02-25,0,2,5,3,9,5.31,2015,Wednesday
2015-02-26,0,2,1,1,10,6.3,2015,Thursday
2015-02-27,0,1,3,3,10,5.71,2015,Friday
2015-02-28,1,1,0,3,10,6,2015,Saturday
2015-03-01,1,3,1,2,3,6.12,2015,Sunday
2015-03-02,1,2,3,3,7,9.9,2015,Monday
2015-03-03,0,1,0,5,5,9.92,2015,Tuesday
2015-03-04,0,0,2,3,10,8.53,2015,Wednesday
2015-03-05,0,1,2,4,6,6.17,2015,Thursday
2015-03-06,0,1,0,4,9,6.54,2015,Friday
2015-03-07,0,1,0,5,4,6.14,2015,Saturday
2015-03-08,0,1,1,3,9,5.5,2015,Sunday
2015-03-09,0,2,4,2,11,5.14,2015,Monday
2015-03-10,0,1,2,6,8,6.22,2015,Tuesday
2015-03-11,0,0,0,1,4,7.74,2015,Wednesday
2015-03-12,0,0,1,2,6,7.04,2015,Thursday
2015-03-13,0,2,2,3,7,7.06,2015,Friday
2015-03-14,0,1,2,5,10,8.25,2015,Saturday
2015-03-15,0,4,2,7,11,7.02,2015,Sunday
2015-03-16,0,1,0,1,3,8.94,2015,Monday
2015-03-17,1,2,3,1,8,9.78,2015,Tuesday
2015-03-18,0,0,1,3,5,9.42,2015,Wednesday
2015-03-19,0,1,0,5,11,9.54,2015,Thursday
2015-03-20,0,1,2,3,8,10.54,2015,Friday
2015-03-21,0,0,1,7,9,10.44,2015,Saturday
2015-03-22,0,2,2,2,4,9.64,2015,Sunday
2015-03-23,1,1,2,3,4,10.62,2015,Monday
2015-03-24,0,0,2,7,8,10.27,2015,Tuesday
2015-03-25,1,1,0,5,8,10.23,2015,Wednesday
2015-03-26,1,0,2,1,6,11.8,2015,Thursday
2015-03-27,0,2,0,8,7,9.71,2015,Friday
2015-03-28,1,0,1,4,7,10.49,2015,Saturday
2015-03-29,0,0,1,3,7,10.3,2015,Sunday
2015-03-30,0,0,2,3,7,10.9,2015,Monday
2015-03-31,0,1,1,2,11,11.2,2015,Tuesday
2015-04-01,0,1,1,5,11,11.95,2015,Wednesday
2015-04-02,0,1,1,5,3,10.12,2015,Thursday
2015-04-03,0,1,0,6,6,9.81,2015,Friday
2015-04-04,1,0,0,4,9,8.92,2015,Saturday
2015-04-05,0,1,1,2,9,7.04,2015,Sunday
2015-04-06,0,0,1,3,4,7.59,2015,Monday
2015-04-07,0,0,1,2,5,6.39,2015,Tuesday
2015-04-08,0,2,4,2,7,8.7,2015,Wednesday
2015-04-09,0,0,0,1,6,12.35,2015,Thursday
2015-04-10,0,1,1,2,15,12.31,2015,Friday
2015-04-11,0,1,2,4,8,10.36,2015,Saturday
2015-04-12,0,0,1,3,6,13.31,2015,Sunday
2015-04-13,0,3,1,3,6,13.55,2015,Monday
2015-04-14,0,0,1,3,3,14.89,2015,Tuesday
2015-04-15,0,0,3,0,8,15.84,2015,Wednesday
2015-04-16,0,1,0,3,5,13.58,2015,Thursday
2015-04-17,1,0,0,1,8,13.24,2015,Friday
2015-04-18,0,0,4,2,15,13.06,2015,Saturday
2015-04-19,0,0,2,1,10,10.5,2015,Sunday
2015-04-20,0,0,2,3,8,10.6,2015,Monday
2015-04-21,0,2,3,6,3,14.15,2015,Tuesday
2015-04-22,2,2,1,2,8,15.07,2015,Wednesday
2015-04-23,0,4,4,2,5,12.93,2015,Thursday
2015-04-24,0,0,1,4,6,13.82,2015,Friday
2015-04-25,0,2,2,5,6,13.94,2015,Saturday
2015-04-26,0,1,3,5,12,14.17,2015,Sunday
2015-04-27,0,0,0,7,7,13.1,2015,Monday
2015-04-28,0,1,3,6,5,13.23,2015,Tuesday
2015-04-29,0,1,2,6,11,13.87,2015,Wednesday
2015-04-30,0,0,1,3,8,12.57,2015,Thursday
2015-05-01,0,1,2,6,4,13.58,2015,Friday
2015-05-02,0,1,1,2,3,15.41,2015,Saturday
2015-05-03,0,2,2,3,8,16.48,2015,Sunday
2015-05-04,1,0,2,3,6,18.57,2015,Monday
2015-05-05,0,3,4,3,8,19.63,2015,Tuesday
2015-05-06,0,2,2,2,6,17.86,2015,Wednesday
2015-05-07,0,1,3,8,6,17.68,2015,Thursday
2015-05-08,0,1,1,2,6,16.16,2015,Friday
2015-05-09,0,0,2,3,9,17.13,2015,Saturday
2015-05-10,0,3,3,3,7,19.08,2015,Sunday
2015-05-11,1,0,2,1,8,19.88,2015,Monday
2015-05-12,0,1,0,3,14,20.26,2015,Tuesday
2015-05-13,0,2,2,4,3,16.89,2015,Wednesday
2015-05-14,0,2,1,3,4,16.97,2015,Thursday
2015-05-15,0,1,2,4,10,16.03,2015,Friday
2015-05-16,0,0,4,2,9,16.35,2015,Saturday
2015-05-17,0,1,1,3,2,19.26,2015,Sunday
2015-05-18,0,0,2,5,3,19.91,2015,Monday
2015-05-19,0,1,3,9,4,18.49,2015,Tuesday
2015-05-20,2,2,0,2,9,15.42,2015,Wednesday
2015-05-21,0,2,1,4,7,13.19,2015,Thursday
2015-05-22,0,2,0,3,7,11.82,2015,Friday
2015-05-23,0,0,0,2,11,12.91,2015,Saturday
2015-05-24,0,0,1,1,6,14.7,2015,Sunday
2015-05-25,0,1,1,1,5,15.86,2015,Monday
2015-05-26,0,3,3,4,7,15.35,2015,Tuesday
2015-05-27,0,2,2,2,2,14.91,2015,Wednesday
2015-05-28,0,0,1,1,11,15.18,2015,Thursday
2015-05-29,0,1,0,2,10,16.78,2015,Friday
2015-05-30,0,0,0,3,5,16.34,2015,Saturday
2015-05-31,0,1,1,2,6,18.41,2015,Sunday
2015-06-01,0,1,0,6,4,19.71,2015,Monday
2015-06-02,1,3,1,4,6,19.95,2015,Tuesday
2015-06-03,0,2,2,4,8,21.59,2015,Wednesday
2015-06-04,0,3,1,5,11,23.13,2015,Thursday
2015-06-05,0,0,0,2,5,23.38,2015,Friday
2015-06-06,0,1,1,4,4,24.22,2015,Saturday
2015-06-07,0,2,2,2,9,24.15,2015,Sunday
2015-06-08,0,0,1,6,11,23.28,2015,Monday
2015-06-09,0,2,1,2,7,22.44,2015,Tuesday
2015-06-10,0,1,1,9,8,21.26,2015,Wednesday
2015-06-11,0,1,3,0,4,21.83,2015,Thursday
2015-06-12,0,0,0,2,10,22.29,2015,Friday
2015-06-13,0,1,0,1,5,23.13,2015,Saturday
2015-06-14,1,0,0,2,9,19.54,2015,Sunday
2015-06-15,0,0,0,3,7,19.56,2015,Monday
2015-06-16,0,0,0,5,2,19.63,2015,Tuesday
2015-06-17,0,1,2,4,5,18.28,2015,Wednesday
2015-06-18,0,2,0,3,3,19.54,2015,Thursday
2015-06-19,0,0,2,8,10,20.38,2015,Friday
2015-06-20,0,0,1,3,7,18.85,2015,Saturday
2015-06-21,0,1,1,3,5,19.61,2015,Sunday
2015-06-22,1,0,1,4,7,20.45,2015,Monday
2015-06-23,1,1,0,6,4,21.46,2015,Tuesday
2015-06-24,0,1,1,2,7,18.54,2015,Wednesday
2015-06-25,0,0,5,8,7,19.12,2015,Thursday
2015-06-26,0,0,1,2,10,21.62,2015,Friday
2015-06-27,0,0,3,4,6,23.23,2015,Saturday
2015-06-28,0,1,2,2,6,24.17,2015,Sunday
2015-06-29,0,1,2,6,3,24.17,2015,Monday
2015-06-30,0,1,4,2,10,25.16,2015,Tuesday
2015-07-01,0,1,1,5,5,26.2,2015,Wednesday
2015-07-02,0,1,1,2,8,27.5,2015,Thursday
2015-07-03,0,1,2,3,8,28.39,2015,Friday
2015-07-04,0,1,2,6,7,28.11,2015,Saturday
2015-07-05,0,1,1,4,9,28.09,2015,Sunday
2015-07-06,0,0,1,4,6,27.46,2015,Monday
2015-07-07,0,0,1,0,8,27.78,2015,Tuesday
2015-07-08,0,1,1,3,16,25.87,2015,Wednesday
2015-07-09,0,0,4,5,10,24.69,2015,Thursday
2015-07-10,0,3,2,3,6,24.53,2015,Friday
2015-07-11,0,1,0,3,4,24.9,2015,Saturday
2015-07-12,0,1,1,1,5,26.54,2015,Sunday
2015-07-13,0,0,4,7,8,25.91,2015,Monday
2015-07-14,0,0,1,4,4,27.97,2015,Tuesday
2015-07-15,0,2,0,3,8,29.18,2015,Wednesday
2015-07-16,0,3,3,2,9,28.87,2015,Thursday
2015-07-17,0,3,0,5,4,28.58,2015,Friday
2015-07-18,0,1,1,3,9,28.66,2015,Saturday
2015-07-19,0,0,1,7,9,28.02,2015,Sunday
2015-07-20,1,2,4,6,10,28.19,2015,Monday
2015-07-21,0,2,1,4,4,29.34,2015,Tuesday
2015-07-22,0,0,0,4,5,29.51,2015,Wednesday
2015-07-23,0,2,0,3,14,28.23,2015,Thursday
2015-07-24,0,2,1,6,8,27.84,2015,Friday
2015-07-25,0,0,1,1,6,25.32,2015,Saturday
2015-07-26,0,2,2,4,8,25.54,2015,Sunday
2015-07-27,0,0,2,4,6,23.62,2015,Monday
2015-07-28,0,3,2,5,7,23.51,2015,Tuesday
2015-07-29,0,3,0,5,10,23.08,2015,Wednesday
2015-07-30,0,3,1,9,6,24.82,2015,Thursday
2015-07-31,1,0,2,1,9,22.94,2015,Friday
2015-08-01,0,1,4,5,9,22.92,2015,Saturday
2015-08-02,1,2,2,1,6,23.04,2015,Sunday
2015-08-03,0,1,1,4,5,24.22,2015,Monday
2015-08-04,2,1,1,3,9,25.57,2015,Tuesday
2015-08-05,0,1,1,2,7,27.16,2015,Wednesday
2015-08-06,0,0,1,5,12,27.13,2015,Thursday
2015-08-07,0,1,2,4,7,27.63,2015,Friday
2015-08-08,0,0,3,2,3,27.87,2015,Saturday
2015-08-09,0,3,0,6,6,26.51,2015,Sunday
2015-08-10,1,1,2,3,10,23.17,2015,Monday
2015-08-11,0,1,1,2,6,23.86,2015,Tuesday
2015-08-12,0,2,3,3,8,25.24,2015,Wednesday
2015-08-13,0,0,1,4,13,26.93,2015,Thursday
2015-08-14,1,0,1,1,7,26.15,2015,Friday
2015-08-15,0,1,0,1,8,22.52,2015,Saturday
2015-08-16,1,0,3,5,4,20.72,2015,Sunday
2015-08-17,0,0,0,4,4,20.03,2015,Monday
2015-08-18,0,2,1,6,2,20.86,2015,Tuesday
2015-08-19,1,1,1,2,7,20.28,2015,Wednesday
2015-08-20,0,0,1,2,7,21.28,2015,Thursday
2015-08-21,0,1,1,1,3,20.75,2015,Friday
2015-08-22,0,1,0,5,4,20.48,2015,Saturday
2015-08-23,0,0,2,2,4,21.83,2015,Sunday
2015-08-24,1,0,2,0,2,20.83,2015,Monday
2015-08-25,0,2,1,5,3,21.82,2015,Tuesday
2015-08-26,0,0,0,2,7,22.15,2015,Wednesday
2015-08-27,0,0,1,2,4,23.51,2015,Thursday
2015-08-28,0,2,2,3,5,25.57,2015,Friday
2015-08-29,0,0,3,1,15,26.38,2015,Saturday
2015-08-30,0,1,3,2,10,26.6,2015,Sunday
2015-08-31,0,0,1,2,9,26.37,2015,Monday
2015-09-01,0,1,1,3,4,25.1,2015,Tuesday
2015-09-02,0,0,0,2,5,23.23,2015,Wednesday
2015-09-03,0,1,0,1,3,21.97,2015,Thursday
2015-09-04,1,1,2,2,8,20.78,2015,Friday
2015-09-05,0,0,0,3,7,19.75,2015,Saturday
2015-09-06,0,1,1,3,4,19.06,2015,Sunday
2015-09-07,0,1,0,4,6,19.17,2015,Monday
2015-09-08,0,0,1,5,9,18.12,2015,Tuesday
2015-09-09,0,0,0,3,2,17.44,2015,Wednesday
2015-09-10,1,0,1,3,0,17.75,2015,Thursday
2015-09-11,0,0,3,3,4,19.45,2015,Friday
2015-09-12,1,2,0,1,6,20.44,2015,Saturday
2015-09-13,0,3,2,0,4,18.92,2015,Sunday
2015-09-14,0,2,1,4,7,20.89,2015,Monday
2015-09-15,0,4,0,1,6,20.58,2015,Tuesday
2015-09-16,0,0,0,7,8,21.88,2015,Wednesday
2015-09-17,0,0,3,5,4,23.18,2015,Thursday
2015-09-18,1,2,2,4,7,21.21,2015,Friday
2015-09-19,1,3,1,0,5,19.33,2015,Saturday
2015-09-20,0,1,2,2,5,17.23,2015,Sunday
2015-09-21,0,3,1,3,5,17.97,2015,Monday
2015-09-22,0,0,1,1,5,17.58,2015,Tuesday
2015-09-23,0,1,1,3,7,15.59,2015,Wednesday
2015-09-24,0,0,1,3,2,14.04,2015,Thursday
2015-09-25,0,1,2,5,14,16.73,2015,Friday
2015-09-26,0,3,3,5,4,15.87,2015,Saturday
2015-09-27,0,1,1,2,9,15.67,2015,Sunday
2015-09-28,1,0,4,4,5,15.75,2015,Monday
2015-09-29,0,0,3,6,5,14.93,2015,Tuesday
2015-09-30,0,1,1,3,6,14.04,2015,Wednesday
2015-10-01,0,0,4,3,5,12.76,2015,Thursday
2015-10-02,1,3,3,1,4,15.57,2015,Friday
2015-10-03,1,1,0,3,5,15.96,2015,Saturday
2015-10-04,0,2,1,4,10,16.5,2015,Sunday
2015-10-05,0,1,1,3,4,18.11,2015,Monday
2015-10-06,0,2,1,6,4,18.14,2015,Tuesday
2015-10-07,0,2,3,1,3,16.51,2015,Wednesday
2015-10-08,1,1,1,5,6,16.13,2015,Thursday
2015-10-09,1,1,3,2,10,15.42,2015,Friday
2015-10-10,0,3,1,1,6,14.32,2015,Saturday
2015-10-11,0,0,1,3,6,15.12,2015,Sunday
2015-10-12,0,1,0,1,6,14.74,2015,Monday
2015-10-13,0,1,3,1,3,16.06,2015,Tuesday
2015-10-14,0,1,7,1,5,15.52,2015,Wednesday
2015-10-15,0,2,2,1,4,13.04,2015,Thursday
2015-10-16,0,0,1,3,6,11.6,2015,Friday
2015-10-17,0,2,4,5,7,12.03,2015,Saturday
2015-10-18,0,1,2,4,5,12.08,2015,Sunday
2015-10-19,0,0,3,3,8,13.81,2015,Monday
2015-10-20,0,2,3,6,1,11.36,2015,Tuesday
2015-10-21,1,0,1,3,8,10.6,2015,Wednesday
2015-10-22,0,1,3,3,6,11.03,2015,Thursday
2015-10-23,0,0,1,4,5,11.21,2015,Friday
2015-10-24,0,0,4,0,8,10.8,2015,Saturday
2015-10-25,0,0,0,7,9,12.08,2015,Sunday
2015-10-26,0,2,1,2,10,12.07,2015,Monday
2015-10-27,0,0,0,3,10,12.25,2015,Tuesday
2015-10-28,0,3,1,1,6,13.58,2015,Wednesday
2015-10-29,0,2,2,2,7,13.39,2015,Thursday
2015-10-30,0,2,0,7,5,13.36,2015,Friday
2015-10-31,0,0,3,2,4,11.78,2015,Saturday
2015-11-01,0,2,1,6,4,10.52,2015,Sunday
2015-11-02,0,1,1,6,5,9.72,2015,Monday
2015-11-03,0,0,2,3,6,11.67,2015,Tuesday
2015-11-04,0,2,1,5,6,14.09,2015,Wednesday
2015-11-05,0,0,1,4,4,13.7,2015,Thursday
2015-11-06,0,1,3,4,8,12.97,2015,Friday
2015-11-07,0,2,2,2,4,13.65,2015,Saturday
2015-11-08,0,0,1,2,10,15.24,2015,Sunday
2015-11-09,0,0,0,2,5,11.72,2015,Monday
2015-11-10,0,1,1,2,8,12.41,2015,Tuesday
2015-11-11,1,1,0,5,5,11.61,2015,Wednesday
2015-11-12,0,2,1,3,7,11.63,2015,Thursday
2015-11-13,0,1,0,1,4,11.47,2015,Friday
2015-11-14,0,1,4,2,11,12.04,2015,Saturday
2015-11-15,0,1,0,2,5,11.24,2015,Sunday
2015-11-16,0,0,2,3,9,12.15,2015,Monday
2015-11-17,0,1,0,3,5,9.86,2015,Tuesday
2015-11-18,0,0,0,3,5,11.48,2015,Wednesday
2015-11-19,0,1,0,2,6,10.1,2015,Thursday
2015-11-20,0,1,1,1,4,11.89,2015,Friday
2015-11-21,0,2,0,5,5,11.55,2015,Saturday
2015-11-22,0,0,3,7,6,5.74,2015,Sunday
2015-11-23,0,1,0,4,2,4.44,2015,Monday
2015-11-24,1,1,4,3,2,4.67,2015,Tuesday
2015-11-25,1,1,1,3,7,3.91,2015,Wednesday
2015-11-26,0,1,0,1,6,4.96,2015,Thursday
2015-11-27,0,1,1,2,10,5.91,2015,Friday
2015-11-28,0,2,0,3,9,4.78,2015,Saturday
2015-11-29,0,3,1,3,5,5.66,2015,Sunday
2015-11-30,0,1,0,5,7,6.31,2015,Monday
2015-12-01,2,0,1,2,3,8.07,2015,Tuesday
2015-12-02,0,0,2,1,7,7.91,2015,Wednesday
2015-12-03,0,1,1,3,10,7.33,2015,Thursday
2015-12-04,0,0,3,3,5,6.08,2015,Friday
2015-12-05,1,1,0,5,5,7.23,2015,Saturday
2015-12-06,0,2,2,4,7,5.69,2015,Sunday
2015-12-07,0,0,1,2,13,7.52,2015,Monday
2015-12-08,0,2,2,1,8,8.05,2015,Tuesday
2015-12-09,0,1,1,5,6,8.2,2015,Wednesday
2015-12-10,0,0,1,2,8,5.64,2015,Thursday
2015-12-11,0,0,3,7,6,3.7,2015,Friday
2015-12-12,0,2,0,7,6,7.26,2015,Saturday
2015-12-13,0,1,0,4,4,7.78,2015,Sunday
2015-12-14,0,3,5,5,9,7.48,2015,Monday
2015-12-15,1,1,1,2,8,6.57,2015,Tuesday
2015-12-16,0,0,2,2,6,8.14,2015,Wednesday
2015-12-17,0,0,1,3,7,6.91,2015,Thursday
2015-12-18,0,3,1,4,8,8.05,2015,Friday
2015-12-19,0,2,2,6,6,9.31,2015,Saturday
2015-12-20,0,1,0,1,6,6.86,2015,Sunday
2015-12-21,1,0,1,2,7,6.15,2015,Monday
2015-12-22,0,1,1,2,6,8.87,2015,Tuesday
2015-12-23,0,2,2,5,11,9.1,2015,Wednesday
2015-12-24,0,0,1,3,5,8.87,2015,Thursday
2015-12-25,0,2,1,3,4,8.98,2015,Friday
2015-12-26,0,0,0,3,4,6.23,2015,Saturday
2015-12-27,0,0,2,1,6,4.78,2015,Sunday
2015-12-28,0,1,1,2,7,4.83,2015,Monday
2015-12-29,1,2,1,3,6,5.34,2015,Tuesday
2015-12-30,0,1,1,5,11,4.86,2015,Wednesday
2015-12-31,0,0,2,4,6,3.47,2015,Thursday
2016-01-01,1,0,0,3,9,2.87,2016,Friday
2016-01-02,0,1,0,4,7,4.99,2016,Saturday
2016-01-03,0,1,0,2,5,4.21,2016,Sunday
2016-01-04,0,5,3,3,13,6.33,2016,Monday
2016-01-05,1,0,3,5,6,8.12,2016,Tuesday
2016-01-06,0,1,2,1,11,5.93,2016,Wednesday
2016-01-07,0,1,1,1,11,5.31,2016,Thursday
2016-01-08,0,0,2,7,9,9.12,2016,Friday
2016-01-09,0,1,3,2,7,11.51,2016,Saturday
2016-01-10,0,2,0,4,8,11.84,2016,Sunday
2016-01-11,0,0,2,2,8,11.53,2016,Monday
2016-01-12,0,1,0,4,3,8.9,2016,Tuesday
2016-01-13,0,1,1,1,9,6.57,2016,Wednesday
2016-01-14,0,0,6,4,7,4.44,2016,Thursday
2016-01-15,0,1,3,3,6,5.82,2016,Friday
2016-01-16,0,0,2,3,6,1.79,2016,Saturday
2016-01-17,0,0,3,5,5,1.58,2016,Sunday
2016-01-18,0,0,2,6,6,0.32,2016,Monday
2016-01-19,0,0,2,4,7,0.34,2016,Tuesday
2016-01-20,0,1,1,3,5,0.97,2016,Wednesday
2016-01-21,0,3,2,2,4,3.03,2016,Thursday
2016-01-22,0,2,2,0,6,2.01,2016,Friday
2016-01-23,0,0,2,1,11,2.47,2016,Saturday
2016-01-24,0,1,1,3,7,3.74,2016,Sunday
2016-01-25,0,0,3,2,7,4.51,2016,Monday
2016-01-26,2,0,2,4,15,7.09,2016,Tuesday
2016-01-27,0,1,1,6,11,9.08,2016,Wednesday
2016-01-28,1,1,2,2,5,9.13,2016,Thursday
2016-01-29,0,2,1,3,6,9.35,2016,Friday
2016-01-30,0,0,1,5,5,9.31,2016,Saturday
2016-01-31,0,0,2,2,4,9.94,2016,Sunday
2016-02-01,0,0,1,6,11,10.4,2016,Monday
2016-02-02,0,1,0,5,8,8.54,2016,Tuesday
2016-02-03,0,2,1,2,10,9.66,2016,Wednesday
2016-02-04,1,0,1,7,2,6.17,2016,Thursday
2016-02-05,0,2,3,0,5,6.46,2016,Friday
2016-02-06,0,1,2,5,7,6.09,2016,Saturday
2016-02-07,0,1,3,2,11,9.03,2016,Sunday
2016-02-08,0,1,2,0,5,9.9,2016,Monday
2016-02-09,0,1,1,1,8,9.97,2016,Tuesday
2016-02-10,4,0,1,3,11,8.06,2016,Wednesday
2016-02-11,0,1,0,4,6,5.56,2016,Thursday
2016-02-12,0,0,2,3,5,7.32,2016,Friday
2016-02-13,0,1,1,2,4,8.43,2016,Saturday
2016-02-14,0,0,1,4,11,9.64,2016,Sunday
2016-02-15,0,2,2,4,6,7.47,2016,Monday
2016-02-16,0,1,0,1,3,8.29,2016,Tuesday
2016-02-17,0,2,0,4,5,6.46,2016,Wednesday
2016-02-18,0,1,1,4,8,6.7,2016,Thursday
2016-02-19,0,0,2,3,7,6.69,2016,Friday
2016-02-20,0,0,1,2,3,5.87,2016,Saturday
2016-02-21,0,1,2,2,6,7.3,2016,Sunday
2016-02-22,0,0,2,5,8,8.61,2016,Monday
2016-02-23,0,1,2,3,6,9.52,2016,Tuesday
2016-02-24,1,4,4,6,6,9.53,2016,Wednesday
2016-02-25,0,0,2,3,10,9.09,2016,Thursday
2016-02-26,0,1,1,4,5,8.19,2016,Friday
2016-02-27,0,2,0,4,6,8.13,2016,Saturday
2016-02-28,0,2,2,3,7,10.23,2016,Sunday
2016-02-29,0,1,4,1,6,8.61,2016,Monday
2016-03-01,0,1,6,7,6,8.21,2016,Tuesday
2016-03-02,0,1,0,8,7,9.04,2016,Wednesday
2016-03-03,0,3,3,2,8,5.97,2016,Thursday
2016-03-04,0,0,2,1,8,6.07,2016,Friday
2016-03-05,1,0,1,7,6,8.22,2016,Saturday
2016-03-06,1,1,0,3,6,6.85,2016,Sunday
2016-03-07,0,0,2,6,9,5.32,2016,Monday
2016-03-08,0,3,3,2,8,4.83,2016,Tuesday
2016-03-09,0,0,1,5,3,4.78,2016,Wednesday
2016-03-10,0,0,2,0,9,7.43,2016,Thursday
2016-03-11,0,0,0,5,12,7.88,2016,Friday
2016-03-12,0,1,2,3,5,8.67,2016,Saturday
2016-03-13,0,0,0,5,2,8.76,2016,Sunday
2016-03-14,0,2,5,6,7,7.98,2016,Monday
2016-03-15,0,1,2,2,6,7.07,2016,Tuesday
2016-03-16,0,1,2,5,7,7.44,2016,Wednesday
2016-03-17,0,0,2,4,6,7.87,2016,Thursday
2016-03-18,0,0,0,3,7,9.38,2016,Friday
2016-03-19,0,0,3,5,6,10.45,2016,Saturday
2016-03-20,1,1,2,2,5,9.46,2016,Sunday
2016-03-21,0,0,1,4,4,11.07,2016,Monday
2016-03-22,0,2,3,2,9,11.38,2016,Tuesday
2016-03-23,0,0,3,6,8,6.6,2016,Wednesday
2016-03-24,0,0,0,4,8,9.65,2016,Thursday
2016-03-25,0,0,1,5,4,8.97,2016,Friday
2016-03-26,0,0,0,4,9,11.4,2016,Saturday
2016-03-27,0,2,2,3,7,10.39,2016,Sunday
2016-03-28,0,1,1,2,7,10.18,2016,Monday
2016-03-29,0,0,2,4,9,10.68,2016,Tuesday
2016-03-30,0,0,0,0,9,11.78,2016,Wednesday
2016-03-31,0,1,1,4,4,13.16,2016,Thursday
2016-04-01,1,0,0,2,5,15.16,2016,Friday
2016-04-02,0,0,0,3,8,13.94,2016,Saturday
2016-04-03,0,0,0,2,7,15.16,2016,Sunday
2016-04-04,1,2,2,2,6,15.29,2016,Monday
2016-04-05,1,0,2,2,5,15.94,2016,Tuesday
2016-04-06,0,1,3,5,7,17.55,2016,Wednesday
2016-04-07,0,1,1,6,9,16.59,2016,Thursday
2016-04-08,0,1,0,4,4,13,2016,Friday
2016-04-09,0,0,1,4,5,11.04,2016,Saturday
2016-04-10,0,0,1,4,0,11.79,2016,Sunday
2016-04-11,0,0,1,5,8,11.85,2016,Monday
2016-04-12,0,1,0,2,5,13.33,2016,Tuesday
2016-04-13,0,2,1,2,8,13.77,2016,Wednesday
2016-04-14,0,1,1,3,7,12.38,2016,Thursday
2016-04-15,1,1,1,1,7,12.75,2016,Friday
2016-04-16,0,0,1,6,4,13.63,2016,Saturday
2016-04-17,1,2,0,1,6,14.95,2016,Sunday
2016-04-18,0,0,1,6,4,14.79,2016,Monday
2016-04-19,0,2,2,4,6,12.75,2016,Tuesday
2016-04-20,0,0,2,3,9,13.23,2016,Wednesday
2016-04-21,0,1,4,4,3,14.22,2016,Thursday
2016-04-22,1,2,2,2,11,14.67,2016,Friday
2016-04-23,0,0,0,7,6,12.08,2016,Saturday
2016-04-24,1,1,1,4,3,10.47,2016,Sunday
2016-04-25,2,3,0,3,3,8.71,2016,Monday
2016-04-26,0,2,1,7,7,9.35,2016,Tuesday
2016-04-27,1,0,1,4,10,11.47,2016,Wednesday
2016-04-28,0,0,3,3,8,11.66,2016,Thursday
2016-04-29,0,0,0,3,9,12.68,2016,Friday
2016-04-30,0,0,1,3,4,13.14,2016,Saturday
2016-05-01,0,0,2,5,9,12.32,2016,Sunday
2016-05-02,0,1,1,0,3,12.42,2016,Monday
2016-05-03,2,0,2,4,10,14.96,2016,Tuesday
2016-05-04,0,0,2,3,6,15.3,2016,Wednesday
2016-05-05,0,3,0,0,8,13.42,2016,Thursday
2016-05-06,0,0,2,3,6,14.97,2016,Friday
2016-05-07,0,3,2,4,10,16.38,2016,Saturday
2016-05-08,0,1,0,3,5,16.05,2016,Sunday
2016-05-09,0,1,1,2,9,16.86,2016,Monday
2016-05-10,0,1,0,6,6,17.69,2016,Tuesday
2016-05-11,0,2,2,1,5,16.08,2016,Wednesday
2016-05-12,0,0,1,2,7,14.71,2016,Thursday
2016-05-13,1,0,1,5,8,14.49,2016,Friday
2016-05-14,0,1,5,3,5,15.21,2016,Saturday
2016-05-15,2,1,1,2,6,15.15,2016,Sunday
2016-05-16,0,0,1,4,3,14.04,2016,Monday
2016-05-17,0,2,0,3,3,15.06,2016,Tuesday
2016-05-18,0,1,0,5,10,15.36,2016,Wednesday
2016-05-19,0,1,0,3,2,12.9,2016,Thursday
2016-05-20,1,1,1,3,3,15.2,2016,Friday
2016-05-21,0,1,2,2,4,17.73,2016,Saturday
2016-05-22,0,2,1,3,4,19.04,2016,Sunday
2016-05-23,0,1,2,4,6,13.42,2016,Monday
2016-05-24,1,1,0,3,8,13.66,2016,Tuesday
2016-05-25,0,0,0,2,3,14.67,2016,Wednesday
2016-05-26,0,1,0,3,8,17.89,2016,Thursday
2016-05-27,0,0,2,2,7,20.76,2016,Friday
2016-05-28,0,0,1,3,9,21.04,2016,Saturday
2016-05-29,0,1,1,9,9,17.24,2016,Sunday
2016-05-30,0,3,1,4,7,16.63,2016,Monday
2016-05-31,0,0,2,2,6,16.06,2016,Tuesday
2016-06-01,0,1,3,2,3,14.89,2016,Wednesday
2016-06-02,0,2,3,5,5,14.99,2016,Thursday
2016-06-03,0,4,2,1,6,16.25,2016,Friday
2016-06-04,0,0,0,3,8,17.07,2016,Saturday
2016-06-05,0,0,1,1,8,17.85,2016,Sunday
2016-06-06,1,0,2,3,7,19.06,2016,Monday
2016-06-07,0,0,0,1,5,20.34,2016,Tuesday
2016-06-08,0,1,1,3,3,20.14,2016,Wednesday
2016-06-09,1,0,1,1,8,17.83,2016,Thursday
2016-06-10,0,0,3,4,6,19.16,2016,Friday
2016-06-11,0,1,2,0,10,19.15,2016,Saturday
2016-06-12,0,1,4,4,6,18.63,2016,Sunday
2016-06-13,0,2,1,2,7,19.32,2016,Monday
2016-06-14,0,0,3,2,6,18.31,2016,Tuesday
2016-06-15,0,0,0,4,1,18.44,2016,Wednesday
2016-06-16,0,2,2,7,7,21.18,2016,Thursday
2016-06-17,0,2,2,7,9,18.37,2016,Friday
2016-06-18,0,2,1,3,3,17.99,2016,Saturday
2016-06-19,0,0,3,4,4,17.63,2016,Sunday
2016-06-20,0,1,2,3,10,19.13,2016,Monday
2016-06-21,0,0,1,5,7,21.22,2016,Tuesday
2016-06-22,0,3,4,4,4,22.25,2016,Wednesday
2016-06-23,0,0,3,3,6,23.77,2016,Thursday
2016-06-24,0,1,1,2,5,26.07,2016,Friday
2016-06-25,0,2,1,2,8,25.74,2016,Saturday
2016-06-26,0,1,1,5,5,23.91,2016,Sunday
2016-06-27,0,1,1,3,8,21.92,2016,Monday
2016-06-28,1,2,0,0,5,23.66,2016,Tuesday
2016-06-29,1,1,0,7,7,24.7,2016,Wednesday
2016-06-30,0,3,0,3,4,24.2,2016,Thursday
2016-07-01,0,0,0,4,8,24.65,2016,Friday
2016-07-02,0,2,4,4,7,24.03,2016,Saturday
2016-07-03,0,0,2,1,6,23.81,2016,Sunday
2016-07-04,0,2,3,4,9,24.45,2016,Monday
2016-07-05,0,1,4,2,5,25.11,2016,Tuesday
2016-07-06,0,0,1,7,4,25.37,2016,Wednesday
2016-07-07,0,0,1,7,4,26.07,2016,Thursday
2016-07-08,0,3,2,4,6,25.07,2016,Friday
2016-07-09,0,0,3,6,12,25.68,2016,Saturday
2016-07-10,0,1,2,3,6,27.74,2016,Sunday
2016-07-11,0,0,0,4,4,27.84,2016,Monday
2016-07-12,1,0,0,4,9,26.62,2016,Tuesday
2016-07-13,0,0,2,8,13,24.1,2016,Wednesday
2016-07-14,0,1,0,5,4,22.43,2016,Thursday
2016-07-15,0,1,1,4,7,18.77,2016,Friday
2016-07-16,0,0,3,2,7,21.19,2016,Saturday
2016-07-17,0,0,0,3,10,21.7,2016,Sunday
2016-07-18,1,0,0,2,1,23.6,2016,Monday
2016-07-19,0,0,1,4,4,25.87,2016,Tuesday
2016-07-20,0,0,1,0,9,26.75,2016,Wednesday
2016-07-21,0,0,1,3,6,25.44,2016,Thursday
2016-07-22,0,2,2,4,5,26.17,2016,Friday
2016-07-23,0,2,4,7,7,25.92,2016,Saturday
2016-07-24,1,1,1,2,5,25.82,2016,Sunday
2016-07-25,0,1,2,3,5,25.2,2016,Monday
2016-07-26,2,1,0,4,9,25.82,2016,Tuesday
2016-07-27,0,2,2,5,7,26.39,2016,Wednesday
2016-07-28,0,0,1,1,9,26.08,2016,Thursday
2016-07-29,0,3,1,2,6,25.98,2016,Friday
2016-07-30,0,0,1,4,5,25.5,2016,Saturday
2016-07-31,0,0,4,6,6,25.22,2016,Sunday
2016-08-01,0,1,1,5,3,24.42,2016,Monday
2016-08-02,0,0,0,1,3,24.48,2016,Tuesday
2016-08-03,0,0,0,3,3,26.83,2016,Wednesday
2016-08-04,0,0,1,5,1,27,2016,Thursday
2016-08-05,0,0,1,4,7,22.21,2016,Friday
2016-08-06,1,3,3,7,2,21.37,2016,Saturday
2016-08-07,0,0,2,3,2,23.53,2016,Sunday
2016-08-08,1,3,1,5,6,23.18,2016,Monday
2016-08-09,1,0,2,4,6,24.1,2016,Tuesday
2016-08-10,0,2,0,2,9,21.36,2016,Wednesday
2016-08-11,0,0,1,4,4,19.77,2016,Thursday
2016-08-12,0,0,2,1,3,19.62,2016,Friday
2016-08-13,0,0,2,6,5,21.5,2016,Saturday
2016-08-14,0,1,1,4,8,24.55,2016,Sunday
2016-08-15,0,0,2,3,9,25.89,2016,Monday
2016-08-16,0,2,1,2,4,24.04,2016,Tuesday
2016-08-17,0,0,0,2,8,22.9,2016,Wednesday
2016-08-18,0,2,2,1,7,23.08,2016,Thursday
2016-08-19,0,1,3,4,6,23.69,2016,Friday
2016-08-20,1,0,0,4,6,25.47,2016,Saturday
2016-08-21,0,0,3,5,4,24.43,2016,Sunday
2016-08-22,0,2,1,3,4,22.15,2016,Monday
2016-08-23,0,0,0,5,8,21.63,2016,Tuesday
2016-08-24,0,1,1,1,5,23.19,2016,Wednesday
2016-08-25,0,1,2,6,6,22.7,2016,Thursday
2016-08-26,0,0,1,2,7,23.03,2016,Friday
2016-08-27,0,0,1,0,5,24.75,2016,Saturday
2016-08-28,0,0,1,3,4,25.35,2016,Sunday
2016-08-29,1,0,2,2,4,23.87,2016,Monday
2016-08-30,0,4,0,4,8,23.04,2016,Tuesday
2016-08-31,0,0,2,2,6,22.46,2016,Wednesday
2016-09-01,0,0,1,1,10,23.86,2016,Thursday
2016-09-02,0,0,3,1,4,25.38,2016,Friday
2016-09-03,0,0,2,2,12,26.24,2016,Saturday
2016-09-04,0,1,1,5,2,24.65,2016,Sunday
2016-09-05,1,0,3,4,10,22.93,2016,Monday
2016-09-06,0,0,1,2,14,20.18,2016,Tuesday
2016-09-07,0,1,0,5,3,21.36,2016,Wednesday
2016-09-08,0,0,0,2,8,21.68,2016,Thursday
2016-09-09,0,0,0,4,4,22.16,2016,Friday
2016-09-10,0,0,0,1,5,22.53,2016,Saturday
2016-09-11,0,1,3,6,4,21.5,2016,Sunday
2016-09-12,0,2,4,3,9,22.65,2016,Monday
2016-09-13,0,0,2,3,2,23.46,2016,Tuesday
2016-09-14,0,0,2,3,8,23.64,2016,Wednesday
2016-09-15,0,0,2,6,4,19.91,2016,Thursday
2016-09-16,0,2,1,1,5,18.55,2016,Friday
2016-09-17,0,0,2,2,5,18.07,2016,Saturday
2016-09-18,0,1,2,1,8,17.37,2016,Sunday
2016-09-19,0,0,3,5,9,18.65,2016,Monday
2016-09-20,0,0,3,2,4,19.35,2016,Tuesday
2016-09-21,1,2,0,5,3,17.6,2016,Wednesday
2016-09-22,0,2,2,3,6,16.61,2016,Thursday
2016-09-23,1,1,0,5,5,17.03,2016,Friday
2016-09-24,0,0,2,0,6,17.18,2016,Saturday
2016-09-25,0,2,1,1,6,16.59,2016,Sunday
2016-09-26,1,4,1,2,6,16.61,2016,Monday
2016-09-27,0,0,0,6,4,16.69,2016,Tuesday
2016-09-28,0,2,1,1,5,17.14,2016,Wednesday
2016-09-29,0,1,2,0,6,17.25,2016,Thursday
2016-09-30,0,2,1,3,3,16.55,2016,Friday
2016-10-01,0,0,2,6,6,17.53,2016,Saturday
2016-10-02,1,0,0,4,7,18.01,2016,Sunday
2016-10-03,1,0,2,1,5,16.89,2016,Monday
2016-10-04,0,1,1,4,6,14.4,2016,Tuesday
2016-10-05,0,0,1,3,4,14.32,2016,Wednesday
2016-10-06,0,0,0,2,5,13.6,2016,Thursday
2016-10-07,0,1,0,0,7,13.1,2016,Friday
2016-10-08,0,0,0,1,9,11.62,2016,Saturday
2016-10-09,0,0,1,5,3,13.56,2016,Sunday
2016-10-10,1,3,0,0,5,11.9,2016,Monday
2016-10-11,0,1,6,0,9,9.05,2016,Tuesday
2016-10-12,1,0,1,2,14,10.4,2016,Wednesday
2016-10-13,1,0,1,4,7,10.66,2016,Thursday
2016-10-14,0,1,1,3,8,16.17,2016,Friday
2016-10-15,0,0,3,7,8,16.56,2016,Saturday
2016-10-16,0,1,2,4,4,15.58,2016,Sunday
2016-10-17,0,1,1,3,13,15.15,2016,Monday
2016-10-18,0,1,4,1,7,15.1,2016,Tuesday
2016-10-19,0,1,3,2,4,14.08,2016,Wednesday
2016-10-20,0,0,1,8,5,13,2016,Thursday
2016-10-21,1,1,2,5,7,11.98,2016,Friday
2016-10-22,0,1,2,1,7,11.86,2016,Saturday
2016-10-23,0,0,2,3,10,13.48,2016,Sunday
2016-10-24,0,0,1,5,7,16.32,2016,Monday
2016-10-25,1,0,0,4,4,16.81,2016,Tuesday
2016-10-26,0,0,2,1,6,17.3,2016,Wednesday
2016-10-27,2,3,1,1,10,14.2,2016,Thursday
2016-10-28,0,0,5,4,7,11.43,2016,Friday
2016-10-29,0,1,2,4,3,11.2,2016,Saturday
2016-10-30,1,3,4,2,10,12.36,2016,Sunday
2016-10-31,0,0,1,1,3,11.53,2016,Monday
2016-11-01,0,1,1,4,5,11.47,2016,Tuesday
2016-11-02,0,2,1,3,5,13.65,2016,Wednesday
2016-11-03,0,2,2,4,7,13.37,2016,Thursday
2016-11-04,0,1,1,1,10,12.29,2016,Friday
2016-11-05,0,0,1,6,9,14.51,2016,Saturday
2016-11-06,1,2,2,3,6,14.04,2016,Sunday
2016-11-07,0,1,2,2,9,11.09,2016,Monday
2016-11-08,1,4,1,2,4,8.91,2016,Tuesday
2016-11-09,0,0,1,4,7,7.64,2016,Wednesday
2016-11-10,0,3,4,1,8,8.9,2016,Thursday
2016-11-11,0,0,2,3,10,8.62,2016,Friday
2016-11-12,0,0,1,3,13,8.28,2016,Saturday
2016-11-13,0,0,2,2,9,6.66,2016,Sunday
2016-11-14,0,1,1,1,5,7.24,2016,Monday
2016-11-15,0,2,1,4,6,5.58,2016,Tuesday
2016-11-16,0,3,2,3,8,5.49,2016,Wednesday
2016-11-17,0,2,1,7,12,8.7,2016,Thursday
2016-11-18,0,3,1,4,9,11.97,2016,Friday
2016-11-19,0,1,1,5,7,13.08,2016,Saturday
2016-11-20,0,0,0,6,2,12.19,2016,Sunday
2016-11-21,0,3,2,3,7,12.03,2016,Monday
2016-11-22,0,2,0,3,9,13.19,2016,Tuesday
2016-11-23,0,0,1,1,8,12.35,2016,Wednesday
2016-11-24,0,0,0,4,5,12.29,2016,Thursday
2016-11-25,0,0,4,3,2,12.8,2016,Friday
2016-11-26,1,0,1,4,8,10.91,2016,Saturday
2016-11-27,0,3,1,4,4,8.95,2016,Sunday
2016-11-28,0,0,2,3,9,6.84,2016,Monday
2016-11-29,0,1,2,0,3,3.36,2016,Tuesday
2016-11-30,0,0,0,2,6,2.91,2016,Wednesday
2016-12-01,0,1,0,1,5,4.07,2016,Thursday
2016-12-02,0,3,0,3,11,7.23,2016,Friday
2016-12-03,2,1,2,3,5,7.15,2016,Saturday
2016-12-04,0,0,1,5,10,7.76,2016,Sunday
2016-12-05,0,0,1,2,10,7.74,2016,Monday
2016-12-06,0,0,1,9,7,6.97,2016,Tuesday
2016-12-07,0,0,0,2,7,6.11,2016,Wednesday
2016-12-08,0,1,0,3,10,5.28,2016,Thursday
2016-12-09,0,2,1,4,6,5.15,2016,Friday
2016-12-10,0,2,0,1,9,6.29,2016,Saturday
2016-12-11,0,1,0,5,7,9.83,2016,Sunday
2016-12-12,0,1,0,2,11,7.31,2016,Monday
2016-12-13,0,1,1,2,10,4.67,2016,Tuesday
2016-12-14,0,3,2,9,10,5.41,2016,Wednesday
2016-12-15,0,0,1,6,6,6.02,2016,Thursday
2016-12-16,1,0,1,1,11,4.28,2016,Friday
2016-12-17,0,1,2,2,13,2.69,2016,Saturday
2016-12-18,0,1,0,3,12,0.7,2016,Sunday
2016-12-19,0,0,3,8,6,2.62,2016,Monday
2016-12-20,2,1,2,2,10,6.77,2016,Tuesday
2016-12-21,0,1,1,4,17,7.09,2016,Wednesday
2016-12-22,0,0,3,4,7,4.64,2016,Thursday
2016-12-23,0,0,0,4,8,3.89,2016,Friday
2016-12-24,0,0,2,3,8,4.19,2016,Saturday
2016-12-25,0,2,0,5,9,6.35,2016,Sunday
2016-12-26,1,1,4,2,8,6.82,2016,Monday
2016-12-27,1,0,3,1,15,6.06,2016,Tuesday
2016-12-28,0,0,1,9,6,3.79,2016,Wednesday
2016-12-29,0,2,1,5,9,1.54,2016,Thursday
2016-12-30,0,1,3,4,13,0.38,2016,Friday
2016-12-31,0,0,2,6,11,1.65,2016,Saturday
2017-01-01,1,1,0,5,15,1.92,2017,Sunday
2017-01-02,0,2,0,6,11,6.19,2017,Monday
2017-01-03,0,0,3,6,11,4.99,2017,Tuesday
2017-01-04,0,1,1,2,18,2.8,2017,Wednesday
2017-01-05,0,0,2,5,13,2.23,2017,Thursday
2017-01-06,0,1,2,4,11,-0.76,2017,Friday
2017-01-07,0,1,2,5,14,-1.97,2017,Saturday
2017-01-08,0,2,2,5,16,-0.98,2017,Sunday
2017-01-09,0,1,3,2,12,0.19,2017,Monday
2017-01-10,1,2,2,6,14,-0.62,2017,Tuesday
2017-01-11,0,0,0,5,14,-1.02,2017,Wednesday
2017-01-12,0,0,0,1,20,2.16,2017,Thursday
2017-01-13,0,3,2,5,12,5.63,2017,Friday
2017-01-14,1,3,2,4,7,-0.15,2017,Saturday
2017-01-15,1,0,1,8,20,1.35,2017,Sunday
2017-01-16,0,1,1,3,10,1.02,2017,Monday
2017-01-17,1,2,1,4,13,0.79,2017,Tuesday
2017-01-18,1,4,3,3,9,1.59,2017,Wednesday
2017-01-19,0,4,1,6,8,1.44,2017,Thursday
2017-01-20,0,1,2,3,10,1.35,2017,Friday
2017-01-21,0,4,3,3,7,1.91,2017,Saturday
2017-01-22,0,0,1,4,7,3.53,2017,Sunday
2017-01-23,1,2,0,3,8,4.55,2017,Monday
2017-01-24,0,0,4,5,14,4.88,2017,Tuesday
2017-01-25,0,1,2,7,9,2.3,2017,Wednesday
2017-01-26,0,0,0,3,7,0.82,2017,Thursday
2017-01-27,0,1,0,3,11,1.89,2017,Friday
2017-01-28,2,0,2,3,3,2.65,2017,Saturday
2017-01-29,0,0,1,2,9,4.14,2017,Sunday
2017-01-30,0,0,2,3,13,4.8,2017,Monday
2017-01-31,0,1,3,4,12,7.52,2017,Tuesday
2017-02-01,1,0,1,3,6,9.05,2017,Wednesday
2017-02-02,0,0,2,5,11,9.59,2017,Thursday
2017-02-03,0,3,2,5,7,9.88,2017,Friday
2017-02-04,0,2,0,6,12,9.26,2017,Saturday
2017-02-05,0,2,2,4,8,9.19,2017,Sunday
2017-02-06,0,2,3,7,7,6.93,2017,Monday
2017-02-07,0,1,4,5,7,7.36,2017,Tuesday
2017-02-08,0,1,0,3,6,4.88,2017,Wednesday
2017-02-09,0,1,0,5,6,4.14,2017,Thursday
2017-02-10,0,0,2,2,18,4.44,2017,Friday
2017-02-11,0,1,0,3,9,7.2,2017,Saturday
2017-02-12,1,1,2,4,5,8.43,2017,Sunday
2017-02-13,0,0,1,2,8,8.6,2017,Monday
2017-02-14,1,2,1,5,6,7.04,2017,Tuesday
2017-02-15,0,0,3,1,13,6.51,2017,Wednesday
2017-02-16,0,2,2,2,11,7.55,2017,Thursday
2017-02-17,0,1,0,3,7,8.01,2017,Friday
2017-02-18,2,1,2,6,7,7.53,2017,Saturday
2017-02-19,0,1,2,4,11,5.95,2017,Sunday
2017-02-20,0,2,0,3,6,7.09,2017,Monday
2017-02-21,0,4,3,4,11,6.18,2017,Tuesday
2017-02-22,1,2,0,4,9,6.66,2017,Wednesday
2017-02-23,0,0,0,2,12,8.6,2017,Thursday
2017-02-24,0,1,1,4,13,10.11,2017,Friday
2017-02-25,0,2,2,5,6,6.24,2017,Saturday
2017-02-26,0,1,2,6,10,7.03,2017,Sunday
2017-02-27,0,0,1,2,9,7.66,2017,Monday
2017-02-28,0,0,1,3,4,8.63,2017,Tuesday
2017-03-01,0,0,1,3,8,9.08,2017,Wednesday
2017-03-02,0,0,1,2,8,9.71,2017,Thursday
2017-03-03,0,0,0,6,8,10.74,2017,Friday
2017-03-04,1,0,1,8,6,8.67,2017,Saturday
2017-03-05,0,0,2,3,4,8.31,2017,Sunday
2017-03-06,0,0,0,4,4,9.59,2017,Monday
2017-03-07,1,0,2,7,4,9.32,2017,Tuesday
2017-03-08,0,2,4,6,8,7.8,2017,Wednesday
2017-03-09,0,0,2,3,6,9.61,2017,Thursday
2017-03-10,1,2,1,4,8,10.24,2017,Friday
2017-03-11,0,0,2,1,4,7.65,2017,Saturday
2017-03-12,0,2,0,2,3,8.39,2017,Sunday
2017-03-13,0,0,0,6,4,6.97,2017,Monday
2017-03-14,0,0,0,0,6,9.7,2017,Tuesday
2017-03-15,0,1,2,2,4,10.29,2017,Wednesday
2017-03-16,0,0,0,4,11,11.41,2017,Thursday
2017-03-17,0,0,2,4,7,10.72,2017,Friday
2017-03-18,0,1,0,6,6,9.61,2017,Saturday
2017-03-19,2,0,3,4,6,10.67,2017,Sunday
2017-03-20,0,1,2,0,4,12,2017,Monday
2017-03-21,0,1,1,4,6,13.1,2017,Tuesday
2017-03-22,0,3,0,1,12,11.35,2017,Wednesday
2017-03-23,0,0,0,4,5,12.63,2017,Thursday
2017-03-24,0,0,2,5,7,14,2017,Friday
2017-03-25,1,0,1,3,10,14.05,2017,Saturday
2017-03-26,1,1,3,4,7,10.19,2017,Sunday
2017-03-27,0,0,0,4,5,9.11,2017,Monday
2017-03-28,0,0,5,3,9,9.82,2017,Tuesday
2017-03-29,0,0,1,2,8,12.38,2017,Wednesday
2017-03-30,0,1,1,4,9,15.27,2017,Thursday
2017-03-31,0,4,3,3,3,15.09,2017,Friday
2017-04-01,0,0,0,1,9,13.47,2017,Saturday
2017-04-02,1,1,1,3,7,12.64,2017,Sunday
2017-04-03,1,0,2,4,5,14.94,2017,Monday
2017-04-04,0,3,2,1,5,14.23,2017,Tuesday
2017-04-05,0,0,1,2,7,12.43,2017,Wednesday
2017-04-06,0,0,1,0,2,11.55,2017,Thursday
2017-04-07,0,2,1,1,5,12.63,2017,Friday
2017-04-08,0,1,2,2,8,15.06,2017,Saturday
2017-04-09,0,0,3,2,3,16.54,2017,Sunday
2017-04-10,0,1,3,2,10,16.08,2017,Monday
2017-04-11,0,1,3,6,9,14.62,2017,Tuesday
2017-04-12,0,0,1,0,8,14.89,2017,Wednesday
2017-04-13,0,0,3,2,9,13.63,2017,Thursday
2017-04-14,0,0,8,3,10,14.29,2017,Friday
2017-04-15,0,0,2,1,3,14.12,2017,Saturday
2017-04-16,0,1,2,3,6,14.58,2017,Sunday
2017-04-17,0,1,0,1,6,13.98,2017,Monday
2017-04-18,0,2,1,2,7,10.11,2017,Tuesday
2017-04-19,0,2,1,3,2,8.5,2017,Wednesday
2017-04-20,0,2,0,6,4,8.37,2017,Thursday
2017-04-21,0,0,3,1,9,9.11,2017,Friday
2017-04-22,0,0,3,1,6,10.65,2017,Saturday
2017-04-23,0,1,0,2,5,11.26,2017,Sunday
2017-04-24,0,0,1,1,8,12.4,2017,Monday
2017-04-25,0,0,1,3,8,12.51,2017,Tuesday
2017-04-26,0,0,2,4,11,13.61,2017,Wednesday
2017-04-27,0,2,0,3,7,14.71,2017,Thursday
2017-04-28,0,1,1,2,8,11.2,2017,Friday
2017-04-29,0,1,1,6,3,10.84,2017,Saturday
2017-04-30,0,0,1,3,5,11.19,2017,Sunday
2017-05-01,0,1,0,5,7,10.76,2017,Monday
2017-05-02,0,0,1,5,6,11.25,2017,Tuesday
2017-05-03,0,0,2,3,7,12.9,2017,Wednesday
2017-05-04,0,2,1,2,4,13.33,2017,Thursday
2017-05-05,0,0,1,2,10,14.48,2017,Friday
2017-05-06,0,1,1,1,11,14.57,2017,Saturday
2017-05-07,0,2,1,1,5,13.85,2017,Sunday
2017-05-08,0,2,0,5,5,13.17,2017,Monday
2017-05-09,1,1,0,1,6,13.39,2017,Tuesday
2017-05-10,0,0,0,4,4,14.21,2017,Wednesday
2017-05-11,1,1,1,1,3,16.6,2017,Thursday
2017-05-12,0,0,3,2,8,16.51,2017,Friday
2017-05-13,0,0,0,5,9,15.7,2017,Saturday
2017-05-14,0,1,0,6,8,16.33,2017,Sunday
2017-05-15,0,1,1,3,7,16.44,2017,Monday
2017-05-16,0,0,1,1,11,17.32,2017,Tuesday
2017-05-17,0,2,3,3,4,18.32,2017,Wednesday
2017-05-18,0,0,0,4,3,19.32,2017,Thursday
2017-05-19,0,0,2,4,6,17.86,2017,Friday
2017-05-20,0,0,1,0,8,15.91,2017,Saturday
2017-05-21,1,0,1,3,5,17.54,2017,Sunday
2017-05-22,0,1,3,3,3,18.59,2017,Monday
2017-05-23,0,0,0,2,9,20.02,2017,Tuesday
2017-05-24,1,0,1,5,6,19.9,2017,Wednesday
2017-05-25,0,0,0,2,6,19.31,2017,Thursday
2017-05-26,0,1,1,4,3,18.47,2017,Friday
2017-05-27,0,2,0,4,12,19.99,2017,Saturday
2017-05-28,0,3,0,2,7,21.32,2017,Sunday
2017-05-29,0,0,1,3,10,21.38,2017,Monday
2017-05-30,0,1,0,2,7,21.52,2017,Tuesday
2017-05-31,0,1,0,3,6,21.21,2017,Wednesday
2017-06-01,0,0,1,4,6,20.6,2017,Thursday
2017-06-02,0,0,0,1,7,20.8,2017,Friday
2017-06-03,0,1,2,1,4,21.34,2017,Saturday
2017-06-04,0,2,1,5,5,20.59,2017,Sunday
2017-06-05,0,0,0,1,6,21.82,2017,Monday
2017-06-06,0,2,2,2,10,20.02,2017,Tuesday
2017-06-07,0,2,0,3,5,19.3,2017,Wednesday
2017-06-08,0,0,0,2,6,20.51,2017,Thursday
2017-06-09,0,0,0,2,5,21.2,2017,Friday
2017-06-10,0,3,0,2,6,23.54,2017,Saturday
2017-06-11,0,1,0,2,4,23.7,2017,Sunday
2017-06-12,0,0,0,5,5,23.73,2017,Monday
2017-06-13,1,0,3,2,7,24.46,2017,Tuesday
2017-06-14,0,2,0,4,9,24.3,2017,Wednesday
2017-06-15,0,1,2,0,3,23.77,2017,Thursday
2017-06-16,0,1,3,6,7,24.92,2017,Friday
2017-06-17,0,0,1,7,6,24.61,2017,Saturday
2017-06-18,1,0,0,4,6,22,2017,Sunday
2017-06-19,0,0,0,1,6,23.17,2017,Monday
2017-06-20,1,1,0,3,5,24.92,2017,Tuesday
2017-06-21,0,2,1,4,3,24.29,2017,Wednesday
2017-06-22,1,0,0,3,8,24.78,2017,Thursday
2017-06-23,0,0,0,1,6,23.36,2017,Friday
2017-06-24,0,0,0,2,6,24.4,2017,Saturday
2017-06-25,0,0,2,4,6,24.4,2017,Sunday
2017-06-26,0,1,1,3,5,25.76,2017,Monday
2017-06-27,1,0,0,4,9,25.8,2017,Tuesday
2017-06-28,1,0,3,5,9,21.49,2017,Wednesday
2017-06-29,0,1,0,2,7,20.33,2017,Thursday
2017-06-30,0,0,1,0,11,18.45,2017,Friday
2017-07-01,0,1,2,3,5,18.31,2017,Saturday
2017-07-02,0,1,0,4,3,20.31,2017,Sunday
2017-07-03,0,0,1,3,3,22.33,2017,Monday
2017-07-04,0,2,2,2,7,24.06,2017,Tuesday
2017-07-05,0,0,2,3,7,24.76,2017,Wednesday
2017-07-06,0,1,1,7,10,24.96,2017,Thursday
2017-07-07,0,0,3,3,2,24.84,2017,Friday
2017-07-08,0,1,1,3,3,26.11,2017,Saturday
2017-07-09,0,2,1,1,8,26.59,2017,Sunday
2017-07-10,0,0,1,3,6,23.77,2017,Monday
2017-07-11,0,0,1,1,5,24.21,2017,Tuesday
2017-07-12,0,3,2,2,9,24.22,2017,Wednesday
2017-07-13,0,0,1,8,5,25.2,2017,Thursday
2017-07-14,0,1,1,2,0,23.77,2017,Friday
2017-07-15,0,2,1,5,4,23.84,2017,Saturday
2017-07-16,0,2,0,1,3,21.95,2017,Sunday
2017-07-17,1,1,1,7,6,22.17,2017,Monday
2017-07-18,0,1,0,5,5,23.94,2017,Tuesday
2017-07-19,0,0,2,5,6,24.51,2017,Wednesday
2017-07-20,0,1,1,3,2,24.73,2017,Thursday
2017-07-21,0,1,2,4,8,25.77,2017,Friday
2017-07-22,1,0,1,1,2,25,2017,Saturday
2017-07-23,0,1,1,0,7,25.08,2017,Sunday
2017-07-24,0,0,3,2,16,23.11,2017,Monday
2017-07-25,0,1,1,3,5,21.36,2017,Tuesday
2017-07-26,0,1,0,4,10,22.08,2017,Wednesday
2017-07-27,0,1,2,5,5,23.44,2017,Thursday
2017-07-28,6,1,3,3,6,23.44,2017,Friday
2017-07-29,1,4,0,5,5,25.12,2017,Saturday
2017-07-30,0,2,0,3,4,25.69,2017,Sunday
2017-07-31,0,0,0,5,7,28.39,2017,Monday
2017-08-01,0,0,1,8,9,29.2,2017,Tuesday
2017-08-02,0,3,2,3,12,28.88,2017,Wednesday
2017-08-03,0,0,2,0,10,29.76,2017,Thursday
2017-08-04,0,0,2,6,9,29.3,2017,Friday
2017-08-05,1,3,1,0,8,29.28,2017,Saturday
2017-08-06,0,1,1,4,10,28.23,2017,Sunday
2017-08-07,0,0,0,7,10,26.75,2017,Monday
2017-08-08,1,0,3,3,9,27.35,2017,Tuesday
2017-08-09,0,0,2,3,9,27.18,2017,Wednesday
2017-08-10,0,5,3,6,12,24.47,2017,Thursday
2017-08-11,0,0,1,4,3,20.38,2017,Friday
2017-08-12,0,1,1,6,8,19.83,2017,Saturday
2017-08-13,0,0,1,4,5,23.46,2017,Sunday
2017-08-14,1,1,1,1,3,24.78,2017,Monday
2017-08-15,0,1,1,3,11,25.72,2017,Tuesday
2017-08-16,0,1,1,3,4,26.99,2017,Wednesday
2017-08-17,1,1,1,4,9,26.42,2017,Thursday
2017-08-18,0,0,0,1,10,27.21,2017,Friday
2017-08-19,0,4,1,6,2,25.76,2017,Saturday
2017-08-20,0,1,3,4,6,22.81,2017,Sunday
2017-08-21,1,1,2,2,5,22.02,2017,Monday
2017-08-22,1,0,0,5,10,22.5,2017,Tuesday
2017-08-23,0,2,3,4,7,24.09,2017,Wednesday
2017-08-24,0,0,0,3,8,24.6,2017,Thursday
2017-08-25,0,0,2,2,6,25.22,2017,Friday
2017-08-26,1,1,2,2,4,26.32,2017,Saturday
2017-08-27,0,1,1,1,4,26.83,2017,Sunday
2017-08-28,0,1,2,3,9,26.26,2017,Monday
2017-08-29,0,1,1,4,4,25.77,2017,Tuesday
2017-08-30,0,0,0,3,3,26.29,2017,Wednesday
2017-08-31,0,0,2,2,7,25.38,2017,Thursday
2017-09-01,0,1,2,3,2,21.35,2017,Friday
2017-09-02,0,0,0,3,6,18.18,2017,Saturday
2017-09-03,0,0,0,1,7,18.13,2017,Sunday
2017-09-04,0,0,2,2,7,18.94,2017,Monday
2017-09-05,0,0,1,5,8,20.48,2017,Tuesday
2017-09-06,0,1,3,1,3,20.2,2017,Wednesday
2017-09-07,0,3,3,1,7,20.79,2017,Thursday
2017-09-08,0,0,2,4,7,20.65,2017,Friday
2017-09-09,0,1,1,0,4,19.14,2017,Saturday
2017-09-10,0,0,0,0,7,18.13,2017,Sunday
2017-09-11,0,0,2,3,6,18.38,2017,Monday
2017-09-12,0,1,2,4,8,17.12,2017,Tuesday
2017-09-13,0,1,0,6,6,17.73,2017,Wednesday
2017-09-14,0,2,0,1,4,18.31,2017,Thursday
2017-09-15,1,1,0,3,4,19.14,2017,Friday
2017-09-16,0,2,1,3,4,17.38,2017,Saturday
2017-09-17,0,2,1,2,7,15.64,2017,Sunday
2017-09-18,1,0,1,0,2,15.75,2017,Monday
2017-09-19,1,2,1,0,8,13.67,2017,Tuesday
2017-09-20,3,2,0,2,3,15.35,2017,Wednesday
2017-09-21,0,0,1,1,7,15.33,2017,Thursday
2017-09-22,0,1,2,1,7,15.72,2017,Friday
2017-09-23,0,4,1,3,8,16.59,2017,Saturday
2017-09-24,0,0,2,3,3,15.09,2017,Sunday
2017-09-25,0,1,4,4,5,15.01,2017,Monday
2017-09-26,0,2,2,1,5,15.2,2017,Tuesday
2017-09-27,0,2,1,4,4,15.56,2017,Wednesday
2017-09-28,1,0,1,5,6,16.06,2017,Thursday
2017-09-29,0,1,2,2,5,15.4,2017,Friday
2017-09-30,0,0,1,2,3,15.51,2017,Saturday
2017-10-01,1,1,0,4,4,14.84,2017,Sunday
2017-10-02,0,0,3,2,10,16.76,2017,Monday
2017-10-03,0,1,0,2,5,15.55,2017,Tuesday
2017-10-04,0,1,1,3,8,17.89,2017,Wednesday
2017-10-05,0,2,1,8,4,16.79,2017,Thursday
2017-10-06,0,0,2,1,7,16.03,2017,Friday
2017-10-07,0,1,2,3,5,13.78,2017,Saturday
2017-10-08,0,1,1,0,8,13.9,2017,Sunday
2017-10-09,0,0,0,5,6,15.32,2017,Monday
2017-10-10,0,1,0,3,10,15.93,2017,Tuesday
2017-10-11,0,0,0,3,4,15.26,2017,Wednesday
2017-10-12,0,0,4,2,7,15.42,2017,Thursday
2017-10-13,0,0,3,2,7,15.53,2017,Friday
2017-10-14,0,0,4,3,4,16.65,2017,Saturday
2017-10-15,0,0,1,3,6,16.3,2017,Sunday
2017-10-16,0,0,2,4,4,16.12,2017,Monday
2017-10-17,0,1,1,5,6,16.06,2017,Tuesday
2017-10-18,0,1,0,5,4,14.6,2017,Wednesday
2017-10-19,0,0,2,5,3,13.88,2017,Thursday
2017-10-20,1,1,2,2,4,13.95,2017,Friday
2017-10-21,1,1,0,2,4,14.96,2017,Saturday
2017-10-22,0,3,0,6,7,14.38,2017,Sunday
2017-10-23,0,3,0,1,9,12.01,2017,Monday
2017-10-24,0,1,2,4,5,11.55,2017,Tuesday
2017-10-25,0,0,2,4,11,11.04,2017,Wednesday
2017-10-26,0,0,0,4,4,12.93,2017,Thursday
2017-10-27,1,0,1,5,5,12.2,2017,Friday
2017-10-28,0,2,1,3,6,11.23,2017,Saturday
2017-10-29,0,0,3,2,10,11.32,2017,Sunday
2017-10-30,0,0,3,4,10,12.49,2017,Monday
2017-10-31,0,3,2,2,6,10.11,2017,Tuesday
2017-11-01,0,1,2,3,5,10.49,2017,Wednesday
2017-11-02,0,0,4,3,5,10.69,2017,Thursday
2017-11-03,0,1,3,5,12,13.23,2017,Friday
2017-11-04,0,0,0,6,6,13.93,2017,Saturday
2017-11-05,0,0,1,3,4,12.44,2017,Sunday
2017-11-06,0,2,1,4,11,10.92,2017,Monday
2017-11-07,0,1,1,3,9,8.95,2017,Tuesday
2017-11-08,1,0,0,4,3,9.37,2017,Wednesday
2017-11-09,0,1,1,4,8,9.23,2017,Thursday
2017-11-10,0,0,1,1,8,9.43,2017,Friday
2017-11-11,0,0,1,9,8,8.24,2017,Saturday
2017-11-12,0,1,0,3,9,9.6,2017,Sunday
2017-11-13,0,0,2,3,13,5.3,2017,Monday
2017-11-14,0,1,0,5,7,6.08,2017,Tuesday
2017-11-15,0,0,2,4,8,6.22,2017,Wednesday
2017-11-16,0,1,1,4,4,6.96,2017,Thursday
2017-11-17,0,1,4,5,5,7.88,2017,Friday
2017-11-18,0,1,1,5,2,7.65,2017,Saturday
2017-11-19,1,0,3,4,7,6.48,2017,Sunday
2017-11-20,0,1,0,4,9,5.28,2017,Monday
2017-11-21,0,0,1,6,16,8.22,2017,Tuesday
2017-11-22,0,1,4,4,9,9.57,2017,Wednesday
2017-11-23,0,1,0,1,5,10.29,2017,Thursday
2017-11-24,0,0,1,1,5,10.99,2017,Friday
2017-11-25,0,2,1,2,8,11.23,2017,Saturday
2017-11-26,1,1,2,5,10,6.38,2017,Sunday
2017-11-27,0,3,1,2,7,3.67,2017,Monday
2017-11-28,0,0,0,1,5,3.67,2017,Tuesday
2017-11-29,0,0,3,1,6,7.52,2017,Wednesday
2017-11-30,2,4,2,2,3,4.55,2017,Thursday
2017-12-01,0,2,1,2,7,2.14,2017,Friday
2017-12-02,0,1,3,0,5,4.39,2017,Saturday
2017-12-03,0,1,0,6,4,3.15,2017,Sunday
2017-12-04,0,2,2,0,4,2.36,2017,Monday
2017-12-05,0,0,1,7,5,4.15,2017,Tuesday
2017-12-06,0,1,2,5,5,4.75,2017,Wednesday
2017-12-07,0,2,0,1,12,5.99,2017,Thursday
2017-12-08,0,1,2,3,10,8.57,2017,Friday
2017-12-09,1,0,3,0,7,4.11,2017,Saturday
2017-12-10,0,0,2,2,4,3.58,2017,Sunday
2017-12-11,0,0,1,4,7,11.96,2017,Monday
2017-12-12,0,1,4,2,10,10.25,2017,Tuesday
2017-12-13,0,0,0,4,10,7.43,2017,Wednesday
2017-12-14,0,1,1,5,9,9.41,2017,Thursday
2017-12-15,0,1,1,4,9,9.46,2017,Friday
2017-12-16,0,3,1,1,10,5.4,2017,Saturday
2017-12-17,1,1,2,1,9,1.54,2017,Sunday
2017-12-18,0,2,2,3,10,1.8,2017,Monday
2017-12-19,0,1,3,5,5,0.45,2017,Tuesday
2017-12-20,1,3,1,6,10,0.35,2017,Wednesday
2017-12-21,0,0,2,2,12,0.93,2017,Thursday
2017-12-22,0,0,0,3,12,1.48,2017,Friday
2017-12-23,0,3,2,0,3,4.42,2017,Saturday
2017-12-24,0,2,0,5,8,5,2017,Sunday
2017-12-25,0,2,2,2,17,6.07,2017,Monday
2017-12-26,1,0,3,4,6,7.5,2017,Tuesday
2017-12-27,0,1,2,3,13,8.08,2017,Wednesday
2017-12-28,0,0,2,3,18,5.28,2017,Thursday
2017-12-29,0,2,2,5,3,2.83,2017,Friday
2017-12-30,1,2,0,1,12,4.58,2017,Saturday
2017-12-31,0,1,2,5,9,7.53,2017,Sunday
2018-01-01,0,1,3,5,7,7.72,2018,Monday
2018-01-02,1,0,1,5,6,7.33,2018,Tuesday
2018-01-03,0,0,3,3,10,6.4,2018,Wednesday
2018-01-04,0,0,0,5,11,7.29,2018,Thursday
2018-01-05,0,2,1,5,10,9.67,2018,Friday
2018-01-06,0,1,0,6,7,9.51,2018,Saturday
2018-01-07,0,1,3,4,8,8.73,2018,Sunday
2018-01-08,0,0,4,5,8,10.39,2018,Monday
2018-01-09,0,1,3,2,15,9.43,2018,Tuesday
2018-01-10,0,2,1,5,8,6.87,2018,Wednesday
2018-01-11,0,0,1,2,3,6.55,2018,Thursday
2018-01-12,0,1,1,3,7,6.76,2018,Friday
2018-01-13,0,1,0,3,9,5.78,2018,Saturday
2018-01-14,0,1,2,5,6,4.29,2018,Sunday
2018-01-15,1,0,1,1,4,4.18,2018,Monday
2018-01-16,0,0,1,0,10,8.63,2018,Tuesday
2018-01-17,0,2,0,3,10,9.3,2018,Wednesday
2018-01-18,0,0,2,1,14,5.99,2018,Thursday
2018-01-19,0,0,5,5,8,8.35,2018,Friday
2018-01-20,0,1,2,5,8,6.04,2018,Saturday
2018-01-21,0,1,0,2,7,8.27,2018,Sunday
2018-01-22,0,2,1,5,8,5.12,2018,Monday
2018-01-23,0,0,3,5,9,5.11,2018,Tuesday
2018-01-24,0,2,2,7,8,5.83,2018,Wednesday
2018-01-25,0,2,2,3,5,6.82,2018,Thursday
2018-01-26,0,1,2,3,8,7.2,2018,Friday
2018-01-27,1,3,1,2,7,8.21,2018,Saturday
2018-01-28,0,1,1,3,4,8.02,2018,Sunday
2018-01-29,0,1,1,5,7,6.47,2018,Monday
2018-01-30,0,0,4,5,6,6.36,2018,Tuesday
2018-01-31,0,0,1,6,9,6.83,2018,Wednesday
2018-02-01,0,2,0,5,11,8.53,2018,Thursday
2018-02-02,0,0,0,5,4,7.02,2018,Friday
2018-02-03,0,1,2,6,7,1.66,2018,Saturday
2018-02-04,0,0,2,4,9,1.22,2018,Sunday
2018-02-05,0,1,1,2,5,2.97,2018,Monday
2018-02-06,0,0,3,5,6,3.94,2018,Tuesday
2018-02-07,0,0,1,5,6,3.95,2018,Wednesday
2018-02-08,0,3,1,2,7,3.83,2018,Thursday
2018-02-09,0,1,0,2,8,3.91,2018,Friday
2018-02-10,0,0,2,5,5,3.42,2018,Saturday
2018-02-11,0,3,2,5,4,3.77,2018,Sunday
2018-02-12,0,0,0,2,9,3.6,2018,Monday
2018-02-13,1,1,0,6,6,2.65,2018,Tuesday
2018-02-14,0,1,1,3,10,2.39,2018,Wednesday
2018-02-15,0,2,0,2,9,3.3,2018,Thursday
2018-02-16,1,0,0,3,9,5.33,2018,Friday
2018-02-17,0,0,0,2,11,6.22,2018,Saturday
2018-02-18,0,1,1,5,0,5.48,2018,Sunday
2018-02-19,0,0,2,2,3,3.27,2018,Monday
2018-02-20,0,0,1,1,10,2.33,2018,Tuesday
2018-02-21,0,0,1,3,6,2.72,2018,Wednesday
2018-02-22,0,1,0,1,12,2.78,2018,Thursday
2018-02-23,1,0,3,3,11,2.69,2018,Friday
2018-02-24,0,0,1,4,11,4.39,2018,Saturday
2018-02-25,1,2,1,5,8,-0.07,2018,Sunday
2018-02-26,0,0,3,4,10,-3.81,2018,Monday
2018-02-27,0,1,1,6,5,-3.82,2018,Tuesday
2018-02-28,0,1,2,5,3,-3.31,2018,Wednesday
2018-03-01,1,0,1,2,5,-0.97,2018,Thursday
2018-03-02,0,0,1,2,11,2.82,2018,Friday
2018-03-03,0,1,2,6,10,3.96,2018,Saturday
2018-03-04,0,1,1,2,9,4.85,2018,Sunday
2018-03-05,0,1,1,4,11,4.05,2018,Monday
2018-03-06,1,0,1,5,6,6.56,2018,Tuesday
2018-03-07,0,1,0,3,7,8.22,2018,Wednesday
2018-03-08,0,0,0,5,7,7.62,2018,Thursday
2018-03-09,0,0,3,1,9,8.34,2018,Friday
2018-03-10,0,1,2,2,10,8.65,2018,Saturday
2018-03-11,0,0,2,3,7,10.59,2018,Sunday
2018-03-12,0,1,1,1,3,10.14,2018,Monday
2018-03-13,0,3,0,1,9,9.52,2018,Tuesday
2018-03-14,0,1,1,1,13,9.41,2018,Wednesday
2018-03-15,1,3,1,4,2,8,2018,Thursday
2018-03-16,1,5,1,4,6,11.14,2018,Friday
2018-03-17,0,1,1,3,7,9.21,2018,Saturday
2018-03-18,1,0,1,1,9,6.98,2018,Sunday
2018-03-19,0,0,2,3,7,5.38,2018,Monday
2018-03-20,0,1,2,5,16,5.58,2018,Tuesday
2018-03-21,0,0,0,3,9,3.21,2018,Wednesday
2018-03-22,0,1,0,7,6,3.43,2018,Thursday
2018-03-23,0,1,0,5,6,5.13,2018,Friday
2018-03-24,0,1,0,0,10,5.3,2018,Saturday
2018-03-25,0,0,0,2,2,5.17,2018,Sunday
2018-03-26,0,0,1,2,3,7.52,2018,Monday
2018-03-27,1,0,4,3,10,8.55,2018,Tuesday
2018-03-28,1,0,1,1,10,9.44,2018,Wednesday
2018-03-29,0,1,1,3,7,11.88,2018,Thursday
2018-03-30,0,2,1,3,10,13.01,2018,Friday
2018-03-31,0,1,2,5,4,9.75,2018,Saturday
2018-04-01,0,0,4,3,10,9.71,2018,Sunday
2018-04-02,0,0,2,1,10,10.09,2018,Monday
2018-04-03,0,0,1,1,6,11.21,2018,Tuesday
2018-04-04,0,2,0,6,12,11.56,2018,Wednesday
2018-04-05,0,1,0,3,7,12.06,2018,Thursday
2018-04-06,0,1,3,1,3,13.24,2018,Friday
2018-04-07,0,0,0,3,5,13.41,2018,Saturday
2018-04-08,0,0,0,3,10,13.67,2018,Sunday
2018-04-09,0,1,1,4,7,11.25,2018,Monday
2018-04-10,0,1,2,2,7,10.8,2018,Tuesday
2018-04-11,0,1,2,2,9,11.43,2018,Wednesday
2018-04-12,0,0,1,2,6,11.92,2018,Thursday
2018-04-13,0,0,1,2,1,12.37,2018,Friday
2018-04-14,0,0,0,3,4,13.45,2018,Saturday
2018-04-15,1,0,1,4,12,14.67,2018,Sunday
2018-04-16,0,1,2,1,6,15.6,2018,Monday
2018-04-17,0,1,2,6,3,15.41,2018,Tuesday
2018-04-18,1,1,1,4,6,15.43,2018,Wednesday
2018-04-19,0,1,0,1,6,15.47,2018,Thursday
2018-04-20,0,0,1,5,7,16.71,2018,Friday
2018-04-21,0,1,1,0,14,18.46,2018,Saturday
2018-04-22,0,0,0,6,4,17.71,2018,Sunday
2018-04-23,0,1,1,5,7,16.59,2018,Monday
2018-04-24,1,1,0,6,5,15.91,2018,Tuesday
2018-04-25,0,0,1,3,5,16.54,2018,Wednesday
2018-04-26,0,0,1,4,5,16.88,2018,Thursday
2018-04-27,0,0,0,1,5,18.14,2018,Friday
2018-04-28,0,2,0,1,4,18.93,2018,Saturday
2018-04-29,0,0,1,2,10,18.96,2018,Sunday
2018-04-30,0,1,2,2,4,14.74,2018,Monday
2018-05-01,0,0,1,2,8,13.4,2018,Tuesday
2018-05-02,0,0,2,2,9,14.47,2018,Wednesday
2018-05-03,0,0,0,6,6,15.31,2018,Thursday
2018-05-04,0,1,3,6,6,16.78,2018,Friday
2018-05-05,0,0,0,4,6,16.96,2018,Saturday
2018-05-06,0,0,0,0,4,17.76,2018,Sunday
2018-05-07,0,0,2,1,3,17.85,2018,Monday
2018-05-08,1,0,3,1,5,17.78,2018,Tuesday
2018-05-09,0,1,3,6,6,16.88,2018,Wednesday
2018-05-10,0,1,1,2,5,16.82,2018,Thursday
2018-05-11,0,0,0,7,3,17.2,2018,Friday
2018-05-12,0,0,1,1,3,17.26,2018,Saturday
2018-05-13,0,1,0,5,8,16.17,2018,Sunday
2018-05-14,0,0,2,1,2,12.79,2018,Monday
2018-05-15,0,0,2,1,2,11.92,2018,Tuesday
2018-05-16,0,0,0,3,6,12.51,2018,Wednesday
2018-05-17,0,0,1,0,5,14.54,2018,Thursday
2018-05-18,1,0,3,3,5,16.16,2018,Friday
2018-05-19,0,1,1,2,7,16.78,2018,Saturday
2018-05-20,1,1,1,2,3,17,2018,Sunday
2018-05-21,0,0,0,0,3,17.77,2018,Monday
2018-05-22,1,0,1,2,5,16.34,2018,Tuesday
2018-05-23,0,0,1,1,9,17.32,2018,Wednesday
2018-05-24,0,1,2,1,3,18.48,2018,Thursday
2018-05-25,0,1,1,4,8,20.46,2018,Friday
2018-05-26,0,3,1,2,7,21.39,2018,Saturday
2018-05-27,0,4,1,2,7,22.43,2018,Sunday
2018-05-28,1,2,3,2,4,21.57,2018,Monday
2018-05-29,0,1,0,3,7,22.14,2018,Tuesday
2018-05-30,0,1,0,2,8,21.79,2018,Wednesday
2018-05-31,0,0,4,3,5,20.39,2018,Thursday
2018-06-01,0,1,1,1,3,18.51,2018,Friday
2018-06-02,0,0,3,1,6,19.29,2018,Saturday
2018-06-03,0,1,0,1,12,22.13,2018,Sunday
2018-06-04,0,1,1,2,7,20.52,2018,Monday
2018-06-05,0,1,0,5,5,18.97,2018,Tuesday
2018-06-06,0,0,0,4,6,19.7,2018,Wednesday
2018-06-07,0,1,1,1,3,20.72,2018,Thursday
2018-06-08,0,0,0,4,5,19.68,2018,Friday
2018-06-09,1,0,1,2,5,19.11,2018,Saturday
2018-06-10,0,0,0,1,6,20.08,2018,Sunday
2018-06-11,1,2,1,5,1,22.48,2018,Monday
2018-06-12,0,0,1,4,4,20.04,2018,Tuesday
2018-06-13,0,1,1,1,7,18.55,2018,Wednesday
2018-06-14,0,1,1,4,5,18.71,2018,Thursday
2018-06-15,0,2,2,3,6,19.14,2018,Friday
2018-06-16,0,2,3,4,3,20.4,2018,Saturday
2018-06-17,0,2,4,3,3,22.02,2018,Sunday
2018-06-18,0,0,1,3,7,22.27,2018,Monday
2018-06-19,1,2,2,5,1,22.28,2018,Tuesday
2018-06-20,0,0,1,4,5,22.73,2018,Wednesday
2018-06-21,0,0,4,2,10,23.22,2018,Thursday
2018-06-22,0,0,1,2,10,20.7,2018,Friday
2018-06-23,0,2,1,2,6,19.91,2018,Saturday
2018-06-24,0,1,1,3,5,19.79,2018,Sunday
2018-06-25,0,0,1,1,4,18.86,2018,Monday
2018-06-26,1,2,1,1,6,18.72,2018,Tuesday
2018-06-27,0,2,0,1,2,19.88,2018,Wednesday
2018-06-28,0,0,2,2,5,21.01,2018,Thursday
2018-06-29,0,1,1,5,2,23.27,2018,Friday
2018-06-30,0,2,0,2,5,24.96,2018,Saturday
2018-07-01,0,1,2,3,7,25.38,2018,Sunday
2018-07-02,0,1,3,2,8,24.65,2018,Monday
2018-07-03,0,3,0,4,4,24.73,2018,Tuesday
2018-07-04,0,1,1,6,8,23.85,2018,Wednesday
2018-07-05,0,0,3,2,12,24.09,2018,Thursday
2018-07-06,0,0,2,4,3,22.38,2018,Friday
2018-07-07,0,0,1,2,2,23.68,2018,Saturday
2018-07-08,0,0,1,2,5,24.06,2018,Sunday
2018-07-09,0,1,1,5,3,24.84,2018,Monday
2018-07-10,1,2,0,6,6,24.72,2018,Tuesday
2018-07-11,0,1,0,3,6,23.81,2018,Wednesday
2018-07-12,0,0,5,5,7,23.86,2018,Thursday
2018-07-13,0,1,0,2,6,24.98,2018,Friday
2018-07-14,0,1,0,5,4,27.07,2018,Saturday
2018-07-15,0,0,1,2,7,26.52,2018,Sunday
2018-07-16,0,1,0,3,3,24.07,2018,Monday
2018-07-17,0,1,0,3,3,24.1,2018,Tuesday
2018-07-18,1,0,1,4,5,25.42,2018,Wednesday
2018-07-19,0,0,1,1,10,25.69,2018,Thursday
2018-07-20,0,0,0,2,7,25.24,2018,Friday
2018-07-21,0,0,1,2,5,24.23,2018,Saturday
2018-07-22,0,1,0,5,4,23.49,2018,Sunday
2018-07-23,0,0,2,1,3,23.72,2018,Monday
2018-07-24,0,0,4,2,3,25.44,2018,Tuesday
2018-07-25,0,0,1,5,6,26.62,2018,Wednesday
2018-07-26,0,2,0,2,9,25.37,2018,Thursday
2018-07-27,0,1,3,2,8,25.58,2018,Friday
2018-07-28,0,0,2,3,11,24.85,2018,Saturday
2018-07-29,0,0,6,8,5,25.32,2018,Sunday
2018-07-30,0,1,1,2,9,27.87,2018,Monday
2018-07-31,0,1,0,4,4,28.65,2018,Tuesday
2018-08-01,0,0,1,5,11,29.28,2018,Wednesday
2018-08-02,0,2,1,2,4,28.65,2018,Thursday
2018-08-03,0,1,2,4,8,25.6,2018,Friday
2018-08-04,0,1,1,4,13,26.66,2018,Saturday
2018-08-05,0,2,0,5,5,27.14,2018,Sunday
2018-08-06,1,0,2,8,5,28.22,2018,Monday
2018-08-07,0,0,1,4,12,27.41,2018,Tuesday
2018-08-08,0,0,1,3,6,26.34,2018,Wednesday
2018-08-09,0,2,2,4,11,25.72,2018,Thursday
2018-08-10,0,2,4,5,5,25.38,2018,Friday
2018-08-11,0,0,0,3,5,25.37,2018,Saturday
2018-08-12,1,0,1,2,6,25.57,2018,Sunday
2018-08-13,0,3,1,6,5,23.77,2018,Monday
2018-08-14,1,0,3,6,3,21.42,2018,Tuesday
2018-08-15,0,0,0,6,2,21.98,2018,Wednesday
2018-08-16,0,0,2,5,6,23.05,2018,Thursday
2018-08-17,0,0,2,3,4,24.36,2018,Friday
2018-08-18,1,1,1,3,4,25.85,2018,Saturday
2018-08-19,0,2,4,2,1,24.93,2018,Sunday
2018-08-20,0,1,1,1,3,25.3,2018,Monday
2018-08-21,0,2,2,2,6,24.35,2018,Tuesday
2018-08-22,0,0,0,1,6,24.35,2018,Wednesday
2018-08-23,0,0,1,6,8,24.66,2018,Thursday
2018-08-24,0,1,1,4,6,25.56,2018,Friday
2018-08-25,1,1,1,2,7,22.6,2018,Saturday
2018-08-26,0,1,1,3,10,17.73,2018,Sunday
2018-08-27,0,1,3,0,5,19,2018,Monday
2018-08-28,0,1,1,5,5,20.91,2018,Tuesday
2018-08-29,0,0,1,3,5,23.2,2018,Wednesday
2018-08-30,0,1,0,2,4,23.73,2018,Thursday
2018-08-31,1,0,0,3,6,22.17,2018,Friday
2018-09-01,0,0,1,3,8,19.68,2018,Saturday
2018-09-02,0,0,1,1,4,18.96,2018,Sunday
2018-09-03,1,0,2,1,3,18.95,2018,Monday
2018-09-04,0,0,1,1,1,20.1,2018,Tuesday
2018-09-05,0,1,2,2,2,21.4,2018,Wednesday
2018-09-06,0,1,0,4,6,22.77,2018,Thursday
2018-09-07,0,0,2,1,8,21.1,2018,Friday
2018-09-08,0,0,3,2,10,21.45,2018,Saturday
2018-09-09,1,0,2,0,6,22.79,2018,Sunday
2018-09-10,0,1,1,2,9,24.02,2018,Monday
2018-09-11,0,0,1,4,12,25.17,2018,Tuesday
2018-09-12,0,2,1,2,3,25.6,2018,Wednesday
2018-09-13,0,2,1,4,1,23.52,2018,Thursday
2018-09-14,0,1,2,7,8,23.52,2018,Friday
2018-09-15,0,0,2,2,7,23.21,2018,Saturday
2018-09-16,0,0,1,10,7,23.31,2018,Sunday
2018-09-17,0,2,2,2,3,22.37,2018,Monday
2018-09-18,0,3,0,5,2,21.41,2018,Tuesday
2018-09-19,0,0,2,2,9,21.29,2018,Wednesday
2018-09-20,0,2,1,2,3,21.48,2018,Thursday
2018-09-21,0,1,3,3,6,22.28,2018,Friday
2018-09-22,0,0,2,7,6,22.46,2018,Saturday
2018-09-23,0,0,0,5,9,22.24,2018,Sunday
2018-09-24,1,0,2,2,11,19.48,2018,Monday
2018-09-25,0,1,0,5,4,15.89,2018,Tuesday
2018-09-26,0,0,0,5,5,13.61,2018,Wednesday
2018-09-27,0,0,2,2,4,15.15,2018,Thursday
2018-09-28,0,0,2,4,9,17.51,2018,Friday
2018-09-29,0,0,5,3,7,17.74,2018,Saturday
2018-09-30,0,0,1,2,7,17.01,2018,Sunday
2018-10-01,0,0,2,4,5,14.7,2018,Monday
2018-10-02,0,2,2,3,8,13.14,2018,Tuesday
2018-10-03,1,0,1,2,9,14.21,2018,Wednesday
2018-10-04,0,1,1,1,5,16.11,2018,Thursday
2018-10-05,0,1,3,4,4,16.33,2018,Friday
2018-10-06,1,1,1,6,4,15.58,2018,Saturday
2018-10-07,0,2,0,3,7,17.12,2018,Sunday
2018-10-08,0,0,1,2,4,16.55,2018,Monday
2018-10-09,1,1,2,3,8,16.57,2018,Tuesday
2018-10-10,0,1,0,4,9,16.85,2018,Wednesday
2018-10-11,1,0,1,3,12,17.56,2018,Thursday
2018-10-12,0,2,4,3,6,17.08,2018,Friday
2018-10-13,0,1,3,5,9,15.59,2018,Saturday
2018-10-14,0,2,1,2,4,15.14,2018,Sunday
2018-10-15,0,0,0,3,5,15.97,2018,Monday
2018-10-16,0,0,1,5,13,17.4,2018,Tuesday
2018-10-17,1,0,1,3,1,17.1,2018,Wednesday
2018-10-18,0,1,1,2,8,17.63,2018,Thursday
2018-10-19,0,1,2,4,7,16.76,2018,Friday
2018-10-20,0,1,0,2,7,15.91,2018,Saturday
2018-10-21,0,0,2,1,3,13.77,2018,Sunday
2018-10-22,0,0,1,2,7,12.45,2018,Monday
2018-10-23,0,0,3,0,8,14.23,2018,Tuesday
2018-10-24,0,0,1,2,9,15.53,2018,Wednesday
2018-10-25,0,2,2,2,6,15.89,2018,Thursday
2018-10-26,0,0,1,4,10,15.94,2018,Friday
2018-10-27,0,1,1,2,4,17.92,2018,Saturday
2018-10-28,0,0,1,1,7,16.55,2018,Sunday
2018-10-29,0,0,4,7,5,15.96,2018,Monday
2018-10-30,1,2,1,1,9,11.39,2018,Tuesday
2018-10-31,1,1,1,2,7,12.41,2018,Wednesday
2018-11-01,0,1,0,6,7,13.6,2018,Thursday
2018-11-02,0,3,0,3,3,13.81,2018,Friday
2018-11-03,0,0,1,2,3,15.07,2018,Saturday
2018-11-04,0,2,3,1,10,15.49,2018,Sunday
2018-11-05,0,1,1,3,6,15.09,2018,Monday
2018-11-06,1,1,0,10,6,14.61,2018,Tuesday
2018-11-07,0,0,2,3,5,13.15,2018,Wednesday
2018-11-08,0,1,1,2,6,12.82,2018,Thursday
2018-11-09,0,1,0,0,13,12.82,2018,Friday
2018-11-10,0,1,0,4,4,12.99,2018,Saturday
2018-11-11,0,3,0,1,4,13.01,2018,Sunday
2018-11-12,0,2,1,1,5,12.78,2018,Monday
2018-11-13,0,0,2,2,8,12.01,2018,Tuesday
2018-11-14,0,1,2,2,6,12.42,2018,Wednesday
2018-11-15,1,2,0,3,10,10.51,2018,Thursday
2018-11-16,0,1,1,3,6,9.43,2018,Friday
2018-11-17,0,1,1,1,8,8.52,2018,Saturday
2018-11-18,0,0,1,5,7,6.76,2018,Sunday
2018-11-19,1,0,1,0,9,5.69,2018,Monday
2018-11-20,0,0,4,3,9,4.69,2018,Tuesday
2018-11-21,1,2,3,0,6,7.95,2018,Wednesday
2018-11-22,0,1,1,3,4,9.69,2018,Thursday
2018-11-23,0,1,1,1,5,9.14,2018,Friday
2018-11-24,1,0,2,0,4,12.08,2018,Saturday
2018-11-25,0,1,1,2,3,9.84,2018,Sunday
2018-11-26,0,0,1,8,6,8.22,2018,Monday
2018-11-27,0,1,1,1,11,7.21,2018,Tuesday
2018-11-28,0,2,2,1,16,5.08,2018,Wednesday
2018-11-29,0,2,1,3,3,2.96,2018,Thursday
2018-11-30,1,1,0,3,6,3.93,2018,Friday
2018-12-01,0,0,0,2,5,6.37,2018,Saturday
2018-12-02,0,6,2,4,7,6.36,2018,Sunday
2018-12-03,0,0,2,5,6,10.51,2018,Monday
2018-12-04,0,2,1,5,7,11.02,2018,Tuesday
2018-12-05,0,2,3,4,4,7.97,2018,Wednesday
2018-12-06,0,0,1,7,6,6.97,2018,Thursday
2018-12-07,1,0,2,4,3,7.32,2018,Friday
2018-12-08,0,1,0,2,4,10.44,2018,Saturday
2018-12-09,0,0,0,2,4,8.21,2018,Sunday
2018-12-10,0,4,1,1,3,7.26,2018,Monday
2018-12-11,0,1,2,3,6,3.28,2018,Tuesday
2018-12-12,0,2,1,3,2,2.22,2018,Wednesday
2018-12-13,0,2,3,3,9,3.37,2018,Thursday
2018-12-14,0,1,2,3,6,2.89,2018,Friday
2018-12-15,0,1,1,1,5,1.26,2018,Saturday
2018-12-16,0,1,1,2,7,1.52,2018,Sunday
2018-12-17,0,0,1,0,9,1.94,2018,Monday
2018-12-18,0,0,0,6,11,1.29,2018,Tuesday
2018-12-19,0,1,0,6,8,1.8,2018,Wednesday
2018-12-20,0,2,2,6,14,4.93,2018,Thursday
2018-12-21,0,1,0,7,8,6.6,2018,Friday
2018-12-22,0,1,2,5,9,9.59,2018,Saturday
2018-12-23,0,1,4,1,5,9.76,2018,Sunday
2018-12-24,0,1,3,6,4,9.52,2018,Monday
2018-12-25,0,3,0,2,7,4.95,2018,Tuesday
2018-12-26,0,0,2,4,7,3.93,2018,Wednesday
2018-12-27,0,0,0,2,9,4.43,2018,Thursday
2018-12-28,0,2,3,7,7,4.02,2018,Friday
2018-12-29,0,0,0,5,8,6.02,2018,Saturday
2018-12-30,0,2,2,3,8,5.71,2018,Sunday
2018-12-31,0,0,3,2,10,3.94,2018,Monday
2019-01-01,0,1,0,4,7,2.97,2019,Tuesday
2019-01-02,0,1,3,5,7,3.03,2019,Wednesday
2019-01-03,0,0,0,2,14,0.9,2019,Thursday
2019-01-04,0,1,2,4,8,0.55,2019,Friday
2019-01-05,1,1,0,1,7,0.96,2019,Saturday
2019-01-06,0,1,5,1,15,2.15,2019,Sunday
2019-01-07,0,1,1,6,7,1.56,2019,Monday
2019-01-08,0,0,3,0,4,2.38,2019,Tuesday
2019-01-09,0,0,2,1,12,1.54,2019,Wednesday
2019-01-10,0,2,1,2,9,0.83,2019,Thursday
2019-01-11,0,1,1,4,5,0.51,2019,Friday
2019-01-12,0,1,2,8,10,0.83,2019,Saturday
2019-01-13,1,3,2,1,11,2.46,2019,Sunday
2019-01-14,0,1,2,1,7,5,2019,Monday
2019-01-15,0,0,2,4,6,3.17,2019,Tuesday
2019-01-16,0,2,5,5,4,3.73,2019,Wednesday
2019-01-17,0,0,1,3,13,5.86,2019,Thursday
2019-01-18,0,0,2,4,10,6.21,2019,Friday
2019-01-19,0,0,1,6,7,4.12,2019,Saturday
2019-01-20,0,1,1,4,10,3.68,2019,Sunday
2019-01-21,0,1,1,4,7,2.93,2019,Monday
2019-01-22,0,0,0,6,8,1.15,2019,Tuesday
2019-01-23,0,1,3,3,8,1.84,2019,Wednesday
2019-01-24,0,2,1,2,14,2.63,2019,Thursday
2019-01-25,0,0,3,3,9,2.01,2019,Friday
2019-01-26,0,1,1,3,7,1.79,2019,Saturday
2019-01-27,0,1,2,2,8,3.87,2019,Sunday
2019-01-28,0,2,1,4,12,4.27,2019,Monday
2019-01-29,1,1,2,5,9,2.65,2019,Tuesday
2019-01-30,0,3,1,4,7,1.42,2019,Wednesday
2019-01-31,0,2,2,1,12,1.63,2019,Thursday
2019-02-01,0,0,1,7,8,9.37,2019,Friday
2019-02-02,0,3,2,1,5,9.49,2019,Saturday
2019-02-03,0,0,1,3,8,6.46,2019,Sunday
2019-02-04,0,2,2,3,8,5.59,2019,Monday
2019-02-05,0,2,1,3,8,3.84,2019,Tuesday
2019-02-06,0,0,2,4,7,3.99,2019,Wednesday
2019-02-07,0,2,1,3,8,4.85,2019,Thursday
2019-02-08,1,1,2,5,9,5.31,2019,Friday
2019-02-09,0,0,1,7,11,5.76,2019,Saturday
2019-02-10,0,0,0,6,8,7.75,2019,Sunday
2019-02-11,1,1,5,4,11,7.94,2019,Monday
2019-02-12,0,1,1,3,5,5.22,2019,Tuesday
2019-02-13,1,0,1,4,9,4.01,2019,Wednesday
2019-02-14,0,0,3,2,9,5.48,2019,Thursday
2019-02-15,1,4,0,4,13,5.99,2019,Friday
2019-02-16,0,0,0,3,8,6.84,2019,Saturday
2019-02-17,0,0,2,3,5,8.26,2019,Sunday
2019-02-18,0,1,4,4,11,6.62,2019,Monday
2019-02-19,0,0,1,1,12,5.88,2019,Tuesday
2019-02-20,0,0,3,4,14,7.15,2019,Wednesday
2019-02-21,0,3,4,7,10,7.37,2019,Thursday
2019-02-22,0,0,1,7,9,7.75,2019,Friday
2019-02-23,0,1,2,4,3,3.54,2019,Saturday
2019-02-24,0,1,1,2,7,3.32,2019,Sunday
2019-02-25,0,1,3,1,8,6.57,2019,Monday
2019-02-26,0,2,2,3,12,9.73,2019,Tuesday
2019-02-27,0,0,3,3,10,11.29,2019,Wednesday
2019-02-28,0,2,1,4,11,8.37,2019,Thursday
2019-03-01,0,2,4,3,12,7.53,2019,Friday
2019-03-02,0,1,0,3,6,8.93,2019,Saturday
2019-03-03,0,3,1,3,5,9.24,2019,Sunday
2019-03-04,0,1,2,3,10,8.23,2019,Monday
2019-03-05,0,2,1,3,12,9.59,2019,Tuesday
2019-03-06,0,0,3,1,5,9.56,2019,Wednesday
2019-03-07,0,0,2,5,4,12.18,2019,Thursday
2019-03-08,0,0,2,6,5,10.61,2019,Friday
2019-03-09,0,0,0,4,7,8.65,2019,Saturday
2019-03-10,0,1,0,7,8,9.91,2019,Sunday
2019-03-11,0,2,0,2,10,10.39,2019,Monday
2019-03-12,0,0,2,2,7,6.88,2019,Tuesday
2019-03-13,0,0,0,5,14,6.39,2019,Wednesday
2019-03-14,0,3,0,5,9,7.46,2019,Thursday
2019-03-15,1,0,2,4,7,9.21,2019,Friday
2019-03-16,0,1,3,2,8,10.12,2019,Saturday
2019-03-17,0,1,1,1,3,10.53,2019,Sunday
2019-03-18,1,0,0,7,9,9.12,2019,Monday
2019-03-19,0,2,1,5,6,6.84,2019,Tuesday
2019-03-20,0,1,0,3,5,7.62,2019,Wednesday
2019-03-21,2,1,2,8,6,8.15,2019,Thursday
2019-03-22,0,0,1,2,3,9.68,2019,Friday
2019-03-23,0,1,3,2,10,10.82,2019,Saturday
2019-03-24,0,1,0,7,4,12.26,2019,Sunday
2019-03-25,0,0,3,5,8,11.11,2019,Monday
2019-03-26,1,1,0,1,5,7.45,2019,Tuesday
2019-03-27,0,0,1,4,4,8.06,2019,Wednesday
2019-03-28,0,0,0,4,7,8.43,2019,Thursday
2019-03-29,2,2,0,6,9,8.48,2019,Friday
2019-03-30,0,0,2,4,6,10.3,2019,Saturday
2019-03-31,0,2,1,3,6,13.21,2019,Sunday
2019-04-01,0,0,1,5,8,13.15,2019,Monday
2019-04-02,0,0,0,3,9,12.39,2019,Tuesday
2019-04-03,0,0,1,1,7,10.76,2019,Wednesday
2019-04-04,0,1,1,3,10,10.84,2019,Thursday
2019-04-05,0,0,1,2,11,8.75,2019,Friday
2019-04-06,0,0,1,1,8,11.19,2019,Saturday
2019-04-07,0,0,0,3,5,10.24,2019,Sunday
2019-04-08,0,0,2,4,7,9.47,2019,Monday
2019-04-09,0,2,1,0,3,11.26,2019,Tuesday
2019-04-10,0,1,1,6,7,11.37,2019,Wednesday
2019-04-11,0,0,0,3,3,10.83,2019,Thursday
2019-04-12,1,1,3,5,7,10.85,2019,Friday
2019-04-13,0,1,2,3,4,9.89,2019,Saturday
2019-04-14,0,1,0,3,7,8.43,2019,Sunday
2019-04-15,0,1,0,1,10,10.6,2019,Monday
2019-04-16,1,1,2,4,3,11.45,2019,Tuesday
2019-04-17,0,1,2,5,5,14.12,2019,Wednesday
2019-04-18,0,0,0,0,3,12.77,2019,Thursday
2019-04-19,0,1,0,1,8,12.77,2019,Friday
2019-04-20,0,0,0,4,2,13.33,2019,Saturday
2019-04-21,0,0,2,2,7,14.24,2019,Sunday
2019-04-22,0,1,0,1,7,13.77,2019,Monday
2019-04-23,0,0,0,8,9,13.95,2019,Tuesday
2019-04-24,0,1,1,0,10,15.26,2019,Wednesday
2019-04-25,0,0,3,4,6,16.84,2019,Thursday
2019-04-26,0,0,2,3,6,13.94,2019,Friday
2019-04-27,0,0,0,1,6,12.4,2019,Saturday
2019-04-28,0,1,0,3,6,11.46,2019,Sunday
2019-04-29,1,2,0,5,4,8.7,2019,Monday
2019-04-30,0,2,1,1,13,11.49,2019,Tuesday
2019-05-01,2,1,2,1,8,13.48,2019,Wednesday
2019-05-02,1,1,0,5,7,12.59,2019,Thursday
2019-05-03,0,1,3,4,7,12.95,2019,Friday
2019-05-04,0,0,2,6,4,13.15,2019,Saturday
2019-05-05,0,1,0,1,3,9.43,2019,Sunday
2019-05-06,0,0,0,2,7,10.03,2019,Monday
2019-05-07,0,0,4,1,8,11.05,2019,Tuesday
2019-05-08,0,2,2,4,4,11.15,2019,Wednesday
2019-05-09,0,0,4,0,10,12.72,2019,Thursday
2019-05-10,0,1,0,2,4,13.32,2019,Friday
2019-05-11,0,3,4,3,7,14.13,2019,Saturday
2019-05-12,0,0,0,1,9,11.52,2019,Sunday
2019-05-13,0,0,0,4,7,11.25,2019,Monday
2019-05-14,0,2,1,4,5,11.62,2019,Tuesday
2019-05-15,0,0,2,5,10,9.36,2019,Wednesday
2019-05-16,0,1,1,1,10,12.32,2019,Thursday
2019-05-17,0,1,0,4,6,14.08,2019,Friday
2019-05-18,0,0,1,2,8,13.48,2019,Saturday
2019-05-19,0,3,2,3,8,12.58,2019,Sunday
2019-05-20,0,1,1,2,4,13.33,2019,Monday
2019-05-21,0,1,1,3,2,14.07,2019,Tuesday
2019-05-22,0,0,0,3,4,14.53,2019,Wednesday
2019-05-23,0,1,0,0,6,15.45,2019,Thursday
2019-05-24,0,0,1,8,10,15.81,2019,Friday
2019-05-25,0,0,1,6,4,16.91,2019,Saturday
2019-05-26,0,1,3,2,6,15.94,2019,Sunday
2019-05-27,0,0,0,1,8,16.57,2019,Monday
2019-05-28,0,1,1,2,5,15.7,2019,Tuesday
2019-05-29,0,0,1,4,5,13.75,2019,Wednesday
2019-05-30,0,0,2,0,9,14.51,2019,Thursday
2019-05-31,0,1,1,2,6,15.97,2019,Friday
2019-06-01,0,2,1,3,6,18.5,2019,Saturday
2019-06-02,0,2,0,5,4,20.97,2019,Sunday
2019-06-03,1,0,3,3,13,19.93,2019,Monday
2019-06-04,0,1,0,2,10,19.05,2019,Tuesday
2019-06-05,1,2,0,5,10,19.73,2019,Wednesday
2019-06-06,0,1,4,10,5,18.09,2019,Thursday
2019-06-07,0,4,1,7,3,19.76,2019,Friday
2019-06-08,0,0,3,2,10,21.8,2019,Saturday
2019-06-09,1,2,1,2,5,23.98,2019,Sunday
2019-06-10,0,0,1,3,6,23.98,2019,Monday
2019-06-11,0,0,3,3,11,22.75,2019,Tuesday
2019-06-12,0,3,1,3,2,20.62,2019,Wednesday
2019-06-13,0,1,1,1,8,20.58,2019,Thursday
2019-06-14,0,0,0,6,5,24.77,2019,Friday
2019-06-15,0,0,3,0,6,21.72,2019,Saturday
2019-06-16,0,0,3,3,5,20.84,2019,Sunday
2019-06-17,0,1,0,4,6,22.44,2019,Monday
2019-06-18,0,0,1,2,5,23.57,2019,Tuesday
2019-06-19,0,0,0,3,4,23.96,2019,Wednesday
2019-06-20,0,1,0,2,4,22.89,2019,Thursday
2019-06-21,0,1,0,5,7,24.04,2019,Friday
2019-06-22,0,1,2,2,4,21.44,2019,Saturday
2019-06-23,0,0,1,3,5,22.41,2019,Sunday
2019-06-24,0,1,1,3,3,24.37,2019,Monday
2019-06-25,0,1,1,1,7,25.13,2019,Tuesday
2019-06-26,0,0,3,8,10,25.92,2019,Wednesday
2019-06-27,1,1,0,2,7,28.12,2019,Thursday
2019-06-28,0,0,2,2,8,29.36,2019,Friday
2019-06-29,1,0,0,2,10,26.87,2019,Saturday
2019-06-30,1,2,0,2,4,26.68,2019,Sunday
2019-07-01,0,0,3,3,6,27.33,2019,Monday
2019-07-02,0,0,0,2,6,27.68,2019,Tuesday
2019-07-03,0,1,0,2,10,27.48,2019,Wednesday
2019-07-04,0,2,4,4,7,25.57,2019,Thursday
2019-07-05,0,0,1,1,9,25.86,2019,Friday
2019-07-06,0,0,0,6,7,25.45,2019,Saturday
2019-07-07,1,0,0,2,6,24.79,2019,Sunday
2019-07-08,0,1,3,7,7,25.04,2019,Monday
2019-07-09,1,0,0,6,9,25.06,2019,Tuesday
2019-07-10,0,0,1,2,5,21.68,2019,Wednesday
2019-07-11,0,1,0,4,10,21.95,2019,Thursday
2019-07-12,2,1,1,2,9,22.8,2019,Friday
2019-07-13,0,2,0,3,5,22.82,2019,Saturday
2019-07-14,1,0,3,1,5,21.77,2019,Sunday
2019-07-15,0,0,1,2,9,19.47,2019,Monday
2019-07-16,0,0,1,4,4,21.46,2019,Tuesday
2019-07-17,1,1,1,1,6,22.93,2019,Wednesday
2019-07-18,0,1,2,4,6,24.01,2019,Thursday
2019-07-19,0,0,0,4,4,24.95,2019,Friday
2019-07-20,0,0,1,6,7,25.27,2019,Saturday
2019-07-21,0,1,2,2,8,25.3,2019,Sunday
2019-07-22,0,1,1,2,4,27.29,2019,Monday
2019-07-23,0,1,4,0,6,28.11,2019,Tuesday
2019-07-24,0,1,1,1,3,29.71,2019,Wednesday
2019-07-25,0,0,0,3,6,30.56,2019,Thursday
2019-07-26,0,1,0,5,7,28.83,2019,Friday
2019-07-27,0,0,1,7,5,23.91,2019,Saturday
2019-07-28,1,0,1,6,5,20.15,2019,Sunday
2019-07-29,1,0,1,3,8,22.14,2019,Monday
2019-07-30,0,1,3,4,5,22.73,2019,Tuesday
2019-07-31,0,0,2,2,12,22.58,2019,Wednesday
2019-08-01,0,0,0,5,8,23.69,2019,Thursday
2019-08-02,0,1,2,2,6,23.08,2019,Friday
2019-08-03,0,0,4,3,9,23.76,2019,Saturday
2019-08-04,0,1,1,2,6,24.81,2019,Sunday
2019-08-05,0,2,1,6,4,25.13,2019,Monday
2019-08-06,0,0,1,2,3,24.55,2019,Tuesday
2019-08-07,0,0,2,2,8,24.89,2019,Wednesday
2019-08-08,0,1,1,5,4,24.44,2019,Thursday
2019-08-09,1,2,2,1,12,26.2,2019,Friday
2019-08-10,0,1,1,4,7,26.3,2019,Saturday
2019-08-11,0,0,3,4,6,27.48,2019,Sunday
2019-08-12,0,0,1,3,7,27.04,2019,Monday
2019-08-13,0,1,0,0,11,26.1,2019,Tuesday
2019-08-14,0,1,1,7,5,21.82,2019,Wednesday
2019-08-15,0,1,0,3,10,22.28,2019,Thursday
2019-08-16,0,2,0,3,6,22.82,2019,Friday
2019-08-17,0,2,2,2,5,23.32,2019,Saturday
2019-08-18,0,2,2,2,8,23.9,2019,Sunday
2019-08-19,0,0,2,1,7,24.76,2019,Monday
2019-08-20,0,3,0,1,8,26.6,2019,Tuesday
2019-08-21,0,0,3,1,5,26.39,2019,Wednesday
2019-08-22,0,0,2,0,6,24.66,2019,Thursday
2019-08-23,1,0,1,3,4,22.94,2019,Friday
2019-08-24,0,1,1,4,5,23.23,2019,Saturday
2019-08-25,0,2,0,2,11,23.28,2019,Sunday
2019-08-26,0,1,1,3,4,23.87,2019,Monday
2019-08-27,0,2,1,4,3,25.12,2019,Tuesday
2019-08-28,0,1,1,1,12,24.12,2019,Wednesday
2019-08-29,0,0,1,2,6,24.63,2019,Thursday
2019-08-30,0,0,1,1,5,25.38,2019,Friday
2019-08-31,0,1,1,2,7,24.03,2019,Saturday
2019-09-01,0,1,0,4,9,23.95,2019,Sunday
2019-09-02,0,0,1,2,10,23.52,2019,Monday
2019-09-03,0,0,1,5,4,20.95,2019,Tuesday
2019-09-04,0,1,0,0,5,19.49,2019,Wednesday
2019-09-05,0,1,2,2,3,21.3,2019,Thursday
2019-09-06,0,1,0,3,2,19.41,2019,Friday
2019-09-07,2,0,1,6,5,19.78,2019,Saturday
2019-09-08,0,2,1,5,9,18.41,2019,Sunday
2019-09-09,0,2,1,4,8,18.25,2019,Monday
2019-09-10,0,1,1,1,7,19.63,2019,Tuesday
2019-09-11,0,1,2,3,10,19.52,2019,Wednesday
2019-09-12,0,1,0,2,4,19.99,2019,Thursday
2019-09-13,0,3,2,3,7,20.99,2019,Friday
2019-09-14,0,1,1,2,8,21.06,2019,Saturday
2019-09-15,0,2,0,2,6,22.37,2019,Sunday
2019-09-16,0,2,1,7,8,23.68,2019,Monday
2019-09-17,0,1,0,2,9,21.61,2019,Tuesday
2019-09-18,0,1,1,1,5,21.91,2019,Wednesday
2019-09-19,0,1,1,3,4,18.72,2019,Thursday
2019-09-20,0,1,3,4,4,16.8,2019,Friday
2019-09-21,0,2,0,3,9,16.99,2019,Saturday
2019-09-22,0,0,1,3,7,17.69,2019,Sunday
2019-09-23,0,0,1,3,6,17.59,2019,Monday
2019-09-24,0,0,0,4,2,17.76,2019,Tuesday
2019-09-25,0,2,0,1,4,17.87,2019,Wednesday
2019-09-26,0,1,0,3,6,19.19,2019,Thursday
2019-09-27,1,2,0,6,5,18.97,2019,Friday
2019-09-28,1,1,3,4,5,18.97,2019,Saturday
2019-09-29,0,2,0,4,2,18.13,2019,Sunday
2019-09-30,0,2,2,3,7,19.77,2019,Monday
2019-10-01,1,0,1,4,8,19.37,2019,Tuesday
2019-10-02,0,0,0,2,6,17.39,2019,Wednesday
2019-10-03,0,1,3,4,3,12.95,2019,Thursday
2019-10-04,1,1,1,5,4,13.19,2019,Friday
2019-10-05,0,0,0,3,8,16.29,2019,Saturday
2019-10-06,0,0,0,4,5,16.13,2019,Sunday
2019-10-07,0,1,2,6,4,14.96,2019,Monday
2019-10-08,0,1,1,2,8,14.66,2019,Tuesday
2019-10-09,0,0,1,3,5,15.81,2019,Wednesday
2019-10-10,0,2,2,3,5,17.08,2019,Thursday
2019-10-11,0,0,0,3,8,16.35,2019,Friday
2019-10-12,0,0,1,1,12,16.58,2019,Saturday
2019-10-13,0,2,4,5,7,16.65,2019,Sunday
2019-10-14,0,1,0,3,8,18.52,2019,Monday
2019-10-15,0,0,1,3,7,17.17,2019,Tuesday
2019-10-16,0,2,1,1,2,15.29,2019,Wednesday
2019-10-17,0,0,4,5,4,14.47,2019,Thursday
2019-10-18,0,0,2,2,2,14.71,2019,Friday
2019-10-19,1,1,0,6,4,15.74,2019,Saturday
2019-10-20,0,0,1,2,5,16.26,2019,Sunday
2019-10-21,0,1,1,5,9,19.32,2019,Monday
2019-10-22,1,0,1,3,9,18.15,2019,Tuesday
2019-10-23,0,0,1,3,5,17.65,2019,Wednesday
2019-10-24,0,0,3,2,6,15.89,2019,Thursday
2019-10-25,0,1,0,2,7,16.58,2019,Friday
2019-10-26,1,2,2,1,5,16.17,2019,Saturday
2019-10-27,2,1,0,4,8,15.79,2019,Sunday
2019-10-28,0,0,1,2,3,14.2,2019,Monday
2019-10-29,0,1,1,3,5,14.98,2019,Tuesday
2019-10-30,0,0,2,6,6,14.99,2019,Wednesday
2019-10-31,1,0,4,4,7,13.42,2019,Thursday
2019-11-01,0,3,1,4,8,12.86,2019,Friday
2019-11-02,1,2,1,5,7,13.95,2019,Saturday
2019-11-03,0,0,0,3,9,14.9,2019,Sunday
2019-11-04,1,0,1,5,7,14.16,2019,Monday
2019-11-05,0,1,5,4,7,14.44,2019,Tuesday
2019-11-06,0,0,0,2,10,10.65,2019,Wednesday
2019-11-07,0,1,1,0,10,10.28,2019,Thursday
2019-11-08,0,1,0,5,5,10.59,2019,Friday
2019-11-09,0,2,0,4,9,9.15,2019,Saturday
2019-11-10,0,0,1,5,7,8.81,2019,Sunday
2019-11-11,1,1,0,1,6,10.51,2019,Monday
2019-11-12,0,0,1,4,6,9.52,2019,Tuesday
2019-11-13,0,0,0,3,10,9.43,2019,Wednesday
2019-11-14,0,1,0,2,7,9.63,2019,Thursday
2019-11-15,0,1,1,4,9,10.56,2019,Friday
2019-11-16,0,0,2,3,11,10.46,2019,Saturday
2019-11-17,0,0,1,4,7,9.23,2019,Sunday
2019-11-18,1,1,3,1,6,9.45,2019,Monday
2019-11-19,0,3,2,3,8,10.92,2019,Tuesday
2019-11-20,1,0,3,6,6,9.35,2019,Wednesday
2019-11-21,0,1,2,6,9,9.28,2019,Thursday
2019-11-22,0,0,2,2,3,9.85,2019,Friday
2019-11-23,0,0,2,1,5,12.34,2019,Saturday
2019-11-24,0,0,2,4,7,12.63,2019,Sunday
2019-11-25,0,1,0,1,6,12.92,2019,Monday
2019-11-26,1,0,0,2,7,10.28,2019,Tuesday
2019-11-27,1,0,1,0,8,11.49,2019,Wednesday
2019-11-28,0,1,1,2,7,12.15,2019,Thursday
2019-11-29,0,1,0,3,4,10.91,2019,Friday
2019-11-30,0,1,0,1,7,8.33,2019,Saturday
2019-12-01,1,0,2,3,5,8.55,2019,Sunday
2019-12-02,0,1,4,3,7,10.73,2019,Monday
2019-12-03,0,1,1,1,9,7.43,2019,Tuesday
2019-12-04,0,1,0,3,3,4.25,2019,Wednesday
2019-12-05,0,0,0,3,8,4.91,2019,Thursday
2019-12-06,0,0,1,2,7,7.99,2019,Friday
2019-12-07,0,1,1,6,3,10.06,2019,Saturday
2019-12-08,0,0,2,2,4,10.18,2019,Sunday
2019-12-09,0,1,1,3,7,9.78,2019,Monday
2019-12-10,0,0,0,3,5,7.66,2019,Tuesday
2019-12-11,0,0,3,2,5,3.56,2019,Wednesday
2019-12-12,0,0,2,3,6,1.9,2019,Thursday
2019-12-13,0,1,0,4,8,2.92,2019,Friday
2019-12-14,0,1,4,2,6,3.72,2019,Saturday
2019-12-15,0,0,2,3,5,9.52,2019,Sunday
2019-12-16,0,0,1,4,8,11.01,2019,Monday
2019-12-17,0,0,0,1,5,11.39,2019,Tuesday
2019-12-18,0,0,0,3,6,10.35,2019,Wednesday
2019-12-19,0,0,0,2,5,9.92,2019,Thursday
2019-12-20,0,0,2,4,12,10.4,2019,Friday
2019-12-21,0,0,0,6,15,11.63,2019,Saturday
2019-12-22,0,1,2,5,6,9.9,2019,Sunday
2019-12-23,0,1,1,3,4,9.78,2019,Monday
2019-12-24,0,2,0,2,7,6.88,2019,Tuesday
2019-12-25,0,0,1,3,2,6.61,2019,Wednesday
2019-12-26,0,0,1,2,5,5.89,2019,Thursday
2019-12-27,0,1,1,4,5,4.32,2019,Friday
2019-12-28,0,0,2,4,6,3.61,2019,Saturday
2019-12-29,0,0,0,2,3,1.17,2019,Sunday
2019-12-30,0,0,1,1,3,0.43,2019,Monday
2019-12-31,0,1,2,1,9,3.25,2019,Tuesday
2020-01-01,0,2,1,0,10,3.97,2020,Wednesday
2020-01-02,0,0,2,7,3,4.68,2020,Thursday
2020-01-03,0,1,1,4,8,5.76,2020,Friday
2020-01-04,0,1,1,7,11,7.94,2020,Saturday
2020-01-05,0,0,4,5,10,4.95,2020,Sunday
2020-01-06,0,0,1,0,6,2.4,2020,Monday
2020-01-07,0,0,2,2,7,2.1,2020,Tuesday
2020-01-08,0,1,0,6,10,3.31,2020,Wednesday
2020-01-09,0,1,0,4,4,2.9,2020,Thursday
2020-01-10,0,2,3,4,9,4.89,2020,Friday
2020-01-11,0,1,1,2,7,5.13,2020,Saturday
2020-01-12,0,0,0,1,4,3.57,2020,Sunday
2020-01-13,1,3,2,4,2,2.68,2020,Monday
2020-01-14,1,0,0,2,5,3.84,2020,Tuesday
2020-01-15,0,3,2,5,6,6.01,2020,Wednesday
2020-01-16,0,0,2,3,8,5.47,2020,Thursday
2020-01-17,0,1,2,4,12,4.96,2020,Friday
2020-01-18,0,1,0,2,10,7.1,2020,Saturday
2020-01-19,0,3,1,3,6,6.07,2020,Sunday
2020-01-20,0,1,0,0,9,5.4,2020,Monday
2020-01-21,0,4,1,4,7,3.97,2020,Tuesday
2020-01-22,0,1,1,3,11,5.44,2020,Wednesday
2020-01-23,1,0,0,7,8,4.9,2020,Thursday
2020-01-24,0,1,0,2,5,5.78,2020,Friday
2020-01-25,0,0,2,3,10,7.6,2020,Saturday
2020-01-26,0,0,0,1,11,7.77,2020,Sunday
2020-01-27,1,1,3,6,4,7.25,2020,Monday
2020-01-28,0,2,2,4,9,9.75,2020,Tuesday
2020-01-29,0,3,1,3,8,9.02,2020,Wednesday
2020-01-30,0,1,3,5,8,7.78,2020,Thursday
2020-01-31,0,1,1,0,4,9.77,2020,Friday
2020-02-01,0,0,1,1,9,10.94,2020,Saturday
2020-02-02,0,3,0,1,7,10.81,2020,Sunday
2020-02-03,1,1,2,4,17,10.54,2020,Monday
2020-02-04,0,3,3,1,8,9.91,2020,Tuesday
2020-02-05,0,1,1,1,9,6.33,2020,Wednesday
2020-02-06,0,1,1,4,9,5.24,2020,Thursday
2020-02-07,0,0,4,2,4,5.02,2020,Friday
2020-02-08,0,1,2,5,8,5.45,2020,Saturday
2020-02-09,0,0,3,6,6,6.2,2020,Sunday
2020-02-10,0,1,2,4,9,10.68,2020,Monday
2020-02-11,0,1,1,5,7,11.06,2020,Tuesday
2020-02-12,0,1,2,2,4,8.73,2020,Wednesday
2020-02-13,0,0,1,3,8,7.4,2020,Thursday
2020-02-14,1,0,0,3,5,10.06,2020,Friday
2020-02-15,0,0,0,4,4,8.35,2020,Saturday
2020-02-16,1,1,0,5,5,8.09,2020,Sunday
2020-02-17,0,3,0,4,5,7.77,2020,Monday
2020-02-18,0,1,1,2,5,10.21,2020,Tuesday
2020-02-19,0,2,1,2,6,9.12,2020,Wednesday
2020-02-20,0,1,3,4,7,6.9,2020,Thursday
2020-02-21,0,0,1,1,4,7.14,2020,Friday
2020-02-22,1,2,2,5,8,7.86,2020,Saturday
2020-02-23,1,0,1,3,4,6.99,2020,Sunday
2020-02-24,0,1,0,4,9,9.33,2020,Monday
2020-02-25,0,0,0,2,8,9.51,2020,Tuesday
2020-02-26,0,0,2,4,7,8.37,2020,Wednesday
2020-02-27,0,0,0,3,6,6.25,2020,Thursday
2020-02-28,0,1,3,3,7,9.05,2020,Friday
2020-02-29,0,2,0,4,6,7.43,2020,Saturday
2020-03-01,0,2,0,1,7,9.72,2020,Sunday
2020-03-02,1,1,0,4,5,10.46,2020,Monday
2020-03-03,0,2,2,3,11,7.96,2020,Tuesday
2020-03-04,0,1,2,2,9,7.03,2020,Wednesday
2020-03-05,0,0,0,2,9,6.06,2020,Thursday
2020-03-06,0,1,3,1,5,8.87,2020,Friday
2020-03-07,0,0,1,4,5,6.73,2020,Saturday
2020-03-08,0,0,1,3,10,7.37,2020,Sunday
2020-03-09,2,1,1,1,6,7.38,2020,Monday
2020-03-10,0,0,1,2,7,7.66,2020,Tuesday
2020-03-11,0,3,0,6,5,9.34,2020,Wednesday
2020-03-12,0,0,1,5,7,9.35,2020,Thursday
2020-03-13,0,1,1,3,9,10.91,2020,Friday
2020-03-14,0,2,0,4,4,10.38,2020,Saturday
2020-03-15,0,1,1,5,5,7.8,2020,Sunday
2020-03-16,0,1,1,2,10,7.69,2020,Monday
2020-03-17,0,0,1,3,10,10.32,2020,Tuesday
2020-03-18,0,2,1,2,10,10.51,2020,Wednesday
2020-03-19,0,1,0,4,13,12.72,2020,Thursday
2020-03-20,1,2,1,7,6,12.75,2020,Friday
2020-03-21,1,1,1,3,8,12.91,2020,Saturday
2020-03-22,0,2,3,2,7,9.85,2020,Sunday
2020-03-23,0,0,4,2,6,4.39,2020,Monday
2020-03-24,1,0,0,2,13,3.44,2020,Tuesday
2020-03-25,0,0,0,3,10,4.04,2020,Wednesday
2020-03-26,0,1,0,7,10,3.51,2020,Thursday
2020-03-27,0,3,4,4,3,6.68,2020,Friday
2020-03-28,0,2,5,3,13,10.57,2020,Saturday
2020-03-29,0,0,1,4,7,11.26,2020,Sunday
2020-03-30,0,1,3,7,7,10.8,2020,Monday
2020-03-31,0,0,1,3,12,5.38,2020,Tuesday
2020-04-01,1,1,6,3,6,4.48,2020,Wednesday
2020-04-02,0,2,1,6,18,6.03,2020,Thursday
2020-04-03,0,1,3,2,11,8.29,2020,Friday
2020-04-04,1,1,1,5,13,8.91,2020,Saturday
2020-04-05,0,0,4,5,7,9.57,2020,Sunday
2020-04-06,0,1,3,9,13,11.34,2020,Monday
2020-04-07,0,0,2,2,10,11.34,2020,Tuesday
2020-04-08,0,0,2,5,9,11.2,2020,Wednesday
2020-04-09,0,2,5,7,11,12.83,2020,Thursday
2020-04-10,0,1,1,4,10,14.68,2020,Friday
2020-04-11,0,0,2,6,10,16.15,2020,Saturday
2020-04-12,0,1,0,2,11,15.11,2020,Sunday
2020-04-13,0,0,2,3,15,13.92,2020,Monday
2020-04-14,0,0,1,5,12,12.65,2020,Tuesday
2020-04-15,0,0,3,2,11,9.23,2020,Wednesday
2020-04-16,0,3,2,3,10,10.99,2020,Thursday
2020-04-17,0,0,1,5,14,13.11,2020,Friday
2020-04-18,0,1,5,8,12,14.17,2020,Saturday
2020-04-19,0,0,0,4,11,15.96,2020,Sunday
2020-04-20,0,0,1,4,6,13.56,2020,Monday
2020-04-21,0,1,1,3,7,10.41,2020,Tuesday
2020-04-22,0,0,0,2,14,12.41,2020,Wednesday
2020-04-23,0,1,1,5,10,12.87,2020,Thursday
2020-04-24,0,3,4,4,6,12.65,2020,Friday
2020-04-25,0,0,2,4,7,13.09,2020,Saturday
2020-04-26,1,0,6,5,4,13.47,2020,Sunday
2020-04-27,1,1,0,6,6,14.24,2020,Monday
2020-04-28,0,0,3,5,3,13.2,2020,Tuesday
2020-04-29,0,2,0,3,11,14.14,2020,Wednesday
2020-04-30,0,0,1,4,7,14.66,2020,Thursday
2020-05-01,0,1,0,4,4,15.51,2020,Friday
2020-05-02,0,0,2,2,9,15.93,2020,Saturday
2020-05-03,1,0,0,4,7,14.85,2020,Sunday
2020-05-04,0,0,2,3,4,15.16,2020,Monday
2020-05-05,0,3,1,6,5,15.18,2020,Tuesday
2020-05-06,0,1,2,4,10,15.32,2020,Wednesday
2020-05-07,0,1,3,3,7,15.91,2020,Thursday
2020-05-08,0,3,6,2,8,16.52,2020,Friday
2020-05-09,1,2,2,2,2,16.31,2020,Saturday
2020-05-10,0,0,0,5,1,17.82,2020,Sunday
2020-05-11,0,1,1,5,6,15.53,2020,Monday
2020-05-12,0,0,2,2,10,16.33,2020,Tuesday
2020-05-13,0,1,0,1,6,17.74,2020,Wednesday
2020-05-14,0,1,1,5,3,19.45,2020,Thursday
2020-05-15,0,0,0,5,3,16.64,2020,Friday
2020-05-16,0,1,2,3,12,17.22,2020,Saturday
2020-05-17,0,3,1,2,6,19.16,2020,Sunday
2020-05-18,0,0,0,7,6,18.04,2020,Monday
2020-05-19,0,0,1,2,6,17.23,2020,Tuesday
2020-05-20,0,2,2,2,10,16.89,2020,Wednesday
2020-05-21,0,2,0,3,5,17.94,2020,Thursday
2020-05-22,0,0,3,3,5,18.54,2020,Friday
2020-05-23,0,1,0,2,4,18.97,2020,Saturday
2020-05-24,0,0,0,6,4,17.99,2020,Sunday
2020-05-25,0,0,1,3,5,18.63,2020,Monday
2020-05-26,0,1,2,2,5,17.18,2020,Tuesday
2020-05-27,0,1,5,2,7,16.42,2020,Wednesday
2020-05-28,1,0,1,3,6,17.07,2020,Thursday
2020-05-29,0,1,1,6,3,14.68,2020,Friday
2020-05-30,0,2,0,4,3,15.81,2020,Saturday
2020-05-31,0,0,1,6,4,16.73,2020,Sunday
2020-06-01,0,0,4,4,5,18.58,2020,Monday
2020-06-02,0,1,2,2,5,18.52,2020,Tuesday
2020-06-03,0,2,1,0,8,18.01,2020,Wednesday
2020-06-04,0,1,3,1,4,16.56,2020,Thursday
2020-06-05,0,0,2,4,6,17.73,2020,Friday
2020-06-06,0,0,1,4,8,17.99,2020,Saturday
2020-06-07,2,0,0,2,5,18.14,2020,Sunday
2020-06-08,0,1,1,0,7,17.99,2020,Monday
2020-06-09,0,3,1,2,7,16.66,2020,Tuesday
2020-06-10,0,0,1,2,6,15.16,2020,Wednesday
2020-06-11,0,1,0,2,5,15.23,2020,Thursday
2020-06-12,2,1,0,2,7,17.99,2020,Friday
2020-06-13,0,1,3,1,7,18.1,2020,Saturday
2020-06-14,0,0,2,2,7,17.52,2020,Sunday
2020-06-15,0,0,0,2,8,18.29,2020,Monday
2020-06-16,0,0,1,1,8,18.86,2020,Tuesday
2020-06-17,0,0,0,2,9,18.16,2020,Wednesday
2020-06-18,0,1,0,3,6,17.74,2020,Thursday
2020-06-19,0,2,0,3,3,18.35,2020,Friday
2020-06-20,0,0,1,2,6,20.27,2020,Saturday
2020-06-21,0,1,3,4,5,21.81,2020,Sunday
2020-06-22,0,3,1,3,4,23.26,2020,Monday
2020-06-23,0,1,1,3,7,23.48,2020,Tuesday
2020-06-24,0,1,2,6,6,23.83,2020,Wednesday
2020-06-25,0,1,3,2,6,24.09,2020,Thursday
2020-06-26,0,1,0,0,8,23.87,2020,Friday
2020-06-27,2,0,0,0,1,24.06,2020,Saturday
2020-06-28,0,0,0,3,5,24.49,2020,Sunday
2020-06-29,0,1,1,2,6,23.25,2020,Monday
2020-06-30,1,0,1,2,7,23.82,2020,Tuesday
2020-07-01,0,2,1,0,9,24.12,2020,Wednesday
2020-07-02,1,1,2,4,4,24.51,2020,Thursday
2020-07-03,0,2,5,2,13,23.72,2020,Friday
2020-07-04,0,1,1,2,9,22.55,2020,Saturday
2020-07-05,0,0,0,0,7,23.74,2020,Sunday
2020-07-06,0,2,3,4,3,25.21,2020,Monday
2020-07-07,1,1,5,5,6,21.42,2020,Tuesday
2020-07-08,0,1,2,0,13,22.56,2020,Wednesday
2020-07-09,0,0,2,7,10,24.99,2020,Thursday
2020-07-10,0,1,1,5,8,25.15,2020,Friday
2020-07-11,0,0,1,0,4,24.71,2020,Saturday
2020-07-12,0,0,1,4,12,22.48,2020,Sunday
2020-07-13,0,0,1,3,3,21,2020,Monday
2020-07-14,0,0,3,1,6,20.7,2020,Tuesday
2020-07-15,0,2,1,7,15,21.96,2020,Wednesday
2020-07-16,0,2,2,4,7,23.12,2020,Thursday
2020-07-17,0,1,2,1,6,22.14,2020,Friday
2020-07-18,0,0,2,3,5,20.87,2020,Saturday
2020-07-19,0,1,0,1,10,22.17,2020,Sunday
2020-07-20,0,0,1,1,5,24.01,2020,Monday
2020-07-21,0,1,2,4,6,24.23,2020,Tuesday
2020-07-22,0,1,3,1,5,25.19,2020,Wednesday
2020-07-23,0,4,2,4,7,25.33,2020,Thursday
2020-07-24,0,3,0,2,6,23.22,2020,Friday
2020-07-25,1,0,1,3,1,23.79,2020,Saturday
2020-07-26,0,1,3,4,4,24.28,2020,Sunday
2020-07-27,0,0,0,2,3,25.24,2020,Monday
2020-07-28,0,0,5,2,5,25.96,2020,Tuesday
2020-07-29,0,1,1,3,7,26.48,2020,Wednesday
2020-07-30,0,0,2,3,7,27.77,2020,Thursday
2020-07-31,0,3,0,4,1,28.12,2020,Friday
2020-08-01,0,1,4,2,9,28.79,2020,Saturday
2020-08-02,0,0,2,2,2,27.88,2020,Sunday
2020-08-03,0,3,0,8,10,23.7,2020,Monday
2020-08-04,0,0,2,1,4,19.14,2020,Tuesday
2020-08-05,0,1,0,6,6,20.53,2020,Wednesday
2020-08-06,0,1,0,5,2,22.04,2020,Thursday
2020-08-07,0,3,1,2,5,23.43,2020,Friday
2020-08-08,0,0,5,4,4,25.06,2020,Saturday
2020-08-09,0,3,1,1,2,26.12,2020,Sunday
2020-08-10,0,0,2,9,7,27.43,2020,Monday
2020-08-11,1,1,1,4,10,28.25,2020,Tuesday
2020-08-12,0,1,4,3,8,27.72,2020,Wednesday
2020-08-13,0,1,0,4,6,27.52,2020,Thursday
2020-08-14,0,0,0,4,10,26.22,2020,Friday
2020-08-15,0,1,1,2,13,25.56,2020,Saturday
2020-08-16,0,1,1,2,7,25.77,2020,Sunday
2020-08-17,0,1,2,10,8,24.27,2020,Monday
2020-08-18,1,0,0,6,9,22.55,2020,Tuesday
2020-08-19,0,1,1,1,5,23.72,2020,Wednesday
2020-08-20,0,0,1,6,9,25.77,2020,Thursday
2020-08-21,0,1,1,5,3,27.44,2020,Friday
2020-08-22,2,1,2,3,7,26.38,2020,Saturday
2020-08-23,1,0,0,4,4,26.31,2020,Sunday
2020-08-24,0,0,1,1,4,23.61,2020,Monday
2020-08-25,0,1,2,3,3,23.82,2020,Tuesday
2020-08-26,0,1,2,0,2,23.8,2020,Wednesday
2020-08-27,0,0,3,2,15,24.16,2020,Thursday
2020-08-28,1,0,2,2,9,24.46,2020,Friday
2020-08-29,0,4,3,2,9,25.25,2020,Saturday
2020-08-30,0,0,0,1,8,21.57,2020,Sunday
2020-08-31,0,0,1,5,2,17.59,2020,Monday
2020-09-01,0,0,1,1,9,18.72,2020,Tuesday
2020-09-02,0,2,1,1,11,20.58,2020,Wednesday
2020-09-03,0,1,2,3,1,20.55,2020,Thursday
2020-09-04,0,0,0,5,8,21.82,2020,Friday
2020-09-05,0,1,2,4,5,22.19,2020,Saturday
2020-09-06,0,0,1,0,1,21.86,2020,Sunday
2020-09-07,0,1,0,4,9,21.76,2020,Monday
2020-09-08,0,0,1,3,5,22.39,2020,Tuesday
2020-09-09,0,1,1,5,5,23.83,2020,Wednesday
2020-09-10,0,3,1,6,4,24.38,2020,Thursday
2020-09-11,0,2,1,0,7,23.36,2020,Friday
2020-09-12,0,1,1,0,7,22.99,2020,Saturday
2020-09-13,0,1,1,2,5,23.59,2020,Sunday
2020-09-14,0,3,0,1,4,23.46,2020,Monday
2020-09-15,0,0,2,4,6,23.48,2020,Tuesday
2020-09-16,0,0,1,4,6,23.7,2020,Wednesday
2020-09-17,0,1,0,6,11,23.45,2020,Thursday
2020-09-18,0,2,1,2,7,22.6,2020,Friday
2020-09-19,0,1,1,2,6,21.97,2020,Saturday
2020-09-20,0,1,0,1,12,20.89,2020,Sunday
2020-09-21,0,0,0,4,7,20.92,2020,Monday
2020-09-22,0,0,1,1,8,18.52,2020,Tuesday
2020-09-23,1,2,2,5,8,17.68,2020,Wednesday
2020-09-24,1,0,1,1,6,19.5,2020,Thursday
2020-09-25,0,0,2,1,4,16.76,2020,Friday
2020-09-26,0,0,4,0,2,14.45,2020,Saturday
2020-09-27,0,3,0,2,3,11.92,2020,Sunday
2020-09-28,0,0,0,3,13,13.31,2020,Monday
2020-09-29,1,3,1,3,12,15.2,2020,Tuesday
2020-09-30,0,1,0,3,6,16.45,2020,Wednesday
2020-10-01,0,0,4,1,9,15,2020,Thursday
2020-10-02,0,1,3,1,11,17.68,2020,Friday
2020-10-03,0,0,3,0,8,16.03,2020,Saturday
2020-10-04,0,0,1,3,8,15.66,2020,Sunday
2020-10-05,0,0,1,0,7,14.63,2020,Monday
2020-10-06,0,0,2,5,3,14.12,2020,Tuesday
2020-10-07,0,2,1,3,8,15.71,2020,Wednesday
2020-10-08,0,0,0,1,4,14.86,2020,Thursday
2020-10-09,0,0,2,4,7,15.64,2020,Friday
2020-10-10,0,1,3,4,6,14.45,2020,Saturday
2020-10-11,0,1,0,4,4,12.49,2020,Sunday
2020-10-12,0,0,0,7,9,9.91,2020,Monday
2020-10-13,0,2,0,1,9,10.67,2020,Tuesday
2020-10-14,0,0,2,2,9,11.78,2020,Wednesday
2020-10-15,0,1,1,3,10,11.72,2020,Thursday
2020-10-16,0,1,0,2,7,12.03,2020,Friday
2020-10-17,0,1,1,3,7,11.6,2020,Saturday
2020-10-18,0,3,1,0,8,12.21,2020,Sunday
2020-10-19,0,1,1,11,7,11.46,2020,Monday
2020-10-20,0,0,2,8,2,11.8,2020,Tuesday
2020-10-21,0,0,1,1,10,11.33,2020,Wednesday
2020-10-22,0,1,1,1,7,13.17,2020,Thursday
2020-10-23,0,2,1,5,5,14.82,2020,Friday
2020-10-24,0,1,2,4,7,14.55,2020,Saturday
2020-10-25,0,2,1,5,11,12.88,2020,Sunday
2020-10-26,0,1,5,5,5,14.7,2020,Monday
2020-10-27,1,1,1,2,8,12.41,2020,Tuesday
2020-10-28,0,3,1,4,4,10.78,2020,Wednesday
2020-10-29,0,2,1,3,7,11.56,2020,Thursday
2020-10-30,0,1,2,5,13,12.79,2020,Friday
2020-10-31,0,2,0,3,10,12.2,2020,Saturday
2020-11-01,0,0,1,8,11,11.44,2020,Sunday
2020-11-02,0,2,3,4,13,12.08,2020,Monday
2020-11-03,1,0,2,5,12,13.6,2020,Tuesday
2020-11-04,0,1,2,7,10,14.31,2020,Wednesday
2020-11-05,0,2,2,5,14,12.98,2020,Thursday
2020-11-06,0,1,1,8,12,11.88,2020,Friday
2020-11-07,0,0,0,7,10,11.6,2020,Saturday
2020-11-08,0,3,3,1,14,11.55,2020,Sunday
2020-11-09,0,0,1,3,12,12.2,2020,Monday
2020-11-10,0,2,3,5,11,10.8,2020,Tuesday
2020-11-11,0,4,1,6,11,12.22,2020,Wednesday
2020-11-12,0,0,1,9,13,11.99,2020,Thursday
2020-11-13,0,1,1,5,15,11.31,2020,Friday
2020-11-14,0,0,2,8,11,11.13,2020,Saturday
2020-11-15,0,2,1,4,10,12.69,2020,Sunday
2020-11-16,0,2,2,4,22,12.34,2020,Monday
2020-11-17,0,2,0,5,8,10.65,2020,Tuesday
2020-11-18,1,1,1,5,13,8.8,2020,Wednesday
2020-11-19,0,1,3,7,9,8.41,2020,Thursday
2020-11-20,0,1,1,4,12,7.99,2020,Friday
2020-11-21,0,0,0,3,5,6.49,2020,Saturday
2020-11-22,0,0,2,4,11,3.79,2020,Sunday
2020-11-23,0,4,3,3,10,3.82,2020,Monday
2020-11-24,0,1,2,4,10,4.29,2020,Tuesday
2020-11-25,0,1,4,5,17,5.36,2020,Wednesday
2020-11-26,0,1,4,5,10,5.89,2020,Thursday
2020-11-27,0,1,2,6,9,7.52,2020,Friday
2020-11-28,0,3,2,2,11,8.26,2020,Saturday
2020-11-29,1,1,0,9,4,7.62,2020,Sunday
2020-11-30,0,0,1,5,13,5.33,2020,Monday
2020-12-01,1,1,0,2,12,4.83,2020,Tuesday
2020-12-02,1,0,0,2,5,5.45,2020,Wednesday
2020-12-03,0,2,5,6,13,4.4,2020,Thursday
2020-12-04,0,0,1,8,8,6.61,2020,Friday
2020-12-05,0,0,4,5,9,11.86,2020,Saturday
2020-12-06,0,0,2,2,9,8.09,2020,Sunday
2020-12-07,0,2,1,2,4,5.6,2020,Monday
2020-12-08,0,0,3,2,19,7.95,2020,Tuesday
2020-12-09,0,0,3,2,7,7.06,2020,Wednesday
2020-12-10,1,1,2,5,5,6.21,2020,Thursday
2020-12-11,0,1,1,4,8,5.55,2020,Friday
2020-12-12,0,0,1,6,10,5.64,2020,Saturday
2020-12-13,0,0,0,2,5,4.75,2020,Sunday
2020-12-14,0,2,1,3,9,4.2,2020,Monday
2020-12-15,0,1,0,2,6,4.55,2020,Tuesday
2020-12-16,0,1,1,1,12,6.92,2020,Wednesday
2020-12-17,0,1,0,5,9,9.32,2020,Thursday
2020-12-18,0,3,4,4,6,8.1,2020,Friday
2020-12-19,0,1,1,3,10,8.23,2020,Saturday
2020-12-20,0,0,0,0,9,8.05,2020,Sunday
2020-12-21,0,1,1,4,10,6.37,2020,Monday
2020-12-22,1,1,2,3,10,9.4,2020,Tuesday
2020-12-23,0,1,5,6,7,10.46,2020,Wednesday
2020-12-24,0,1,2,5,6,11.32,2020,Thursday
2020-12-25,0,2,0,1,13,8.01,2020,Friday
2020-12-26,1,0,1,4,5,4.21,2020,Saturday
2020-12-27,0,0,1,3,9,1.94,2020,Sunday
2020-12-28,0,0,2,6,8,6.12,2020,Monday
2020-12-29,0,0,2,3,8,6.7,2020,Tuesday
2020-12-30,0,2,2,3,6,5.27,2020,Wednesday
2020-12-31,0,2,2,5,6,3.77,2020,Thursday
2021-01-01,0,1,2,4,9,5.86,2021,Friday
2021-01-02,1,1,1,3,4,7.3,2021,Saturday
2021-01-03,0,1,0,3,13,6.3,2021,Sunday
2021-01-04,0,0,2,7,8,4.83,2021,Monday
2021-01-05,0,1,1,5,11,3.58,2021,Tuesday
2021-01-06,0,0,0,4,7,3.72,2021,Wednesday
2021-01-07,1,0,1,9,8,3.65,2021,Thursday
2021-01-08,0,2,4,5,8,3.14,2021,Friday
2021-01-09,0,1,1,3,8,2.15,2021,Saturday
2021-01-10,0,0,0,5,6,2.22,2021,Sunday
2021-01-11,0,0,0,1,6,1.36,2021,Monday
2021-01-12,0,0,1,0,8,0.72,2021,Tuesday
2021-01-13,0,1,4,1,6,3.03,2021,Wednesday
2021-01-14,0,1,3,6,9,3.67,2021,Thursday
2021-01-15,0,0,2,3,7,2.92,2021,Friday
2021-01-16,0,1,0,7,4,1.85,2021,Saturday
2021-01-17,1,2,3,7,5,1.02,2021,Sunday
2021-01-18,0,1,4,2,9,2.1,2021,Monday
2021-01-19,0,1,2,3,7,2.23,2021,Tuesday
2021-01-20,1,1,0,0,6,5.43,2021,Wednesday
2021-01-21,0,1,1,8,12,8.32,2021,Thursday
2021-01-22,0,1,2,3,5,10.34,2021,Friday
2021-01-23,0,0,1,5,4,7.67,2021,Saturday
2021-01-24,0,2,1,3,12,6.21,2021,Sunday
2021-01-25,0,0,2,2,9,3.71,2021,Monday
2021-01-26,0,0,0,1,8,2.81,2021,Tuesday
2021-01-27,0,1,0,5,8,2.19,2021,Wednesday
2021-01-28,0,2,0,3,12,3.06,2021,Thursday
2021-01-29,0,1,3,4,4,7.02,2021,Friday
2021-01-30,0,1,3,5,17,7.86,2021,Saturday
2021-01-31,0,0,0,5,8,7.58,2021,Sunday
2021-02-01,0,1,2,2,6,6.28,2021,Monday
2021-02-02,0,1,2,5,6,7.5,2021,Tuesday
2021-02-03,0,2,0,2,5,8.97,2021,Wednesday
2021-02-04,0,1,0,0,9,11.12,2021,Thursday
2021-02-05,0,1,2,2,8,9.48,2021,Friday
2021-02-06,0,1,1,7,10,9.01,2021,Saturday
2021-02-07,0,1,3,2,8,9.83,2021,Sunday
2021-02-08,0,0,1,5,7,8.36,2021,Monday
2021-02-09,0,1,2,3,5,9.38,2021,Tuesday
2021-02-10,0,0,2,3,7,9.45,2021,Wednesday
2021-02-11,0,0,2,5,10,7.71,2021,Thursday
2021-02-12,0,1,0,4,10,4.13,2021,Friday
2021-02-13,0,0,1,5,7,-0.58,2021,Saturday
2021-02-14,0,1,0,1,6,0.43,2021,Sunday
2021-02-15,0,0,3,2,8,1.11,2021,Monday
2021-02-16,0,1,1,5,8,2.89,2021,Tuesday
2021-02-17,0,1,1,5,9,6.74,2021,Wednesday
2021-02-18,0,2,1,4,8,8.63,2021,Thursday
2021-02-19,0,0,0,4,12,8.2,2021,Friday
2021-02-20,0,0,1,6,8,9.58,2021,Saturday
2021-02-21,1,1,1,2,5,8.37,2021,Sunday
2021-02-22,1,1,1,5,7,9.27,2021,Monday
2021-02-23,0,0,2,3,8,9.45,2021,Tuesday
2021-02-24,0,0,0,7,2,9.86,2021,Wednesday
2021-02-25,0,0,3,4,6,11.32,2021,Thursday
2021-02-26,0,1,3,2,4,11.12,2021,Friday
2021-02-27,0,2,3,5,3,9.61,2021,Saturday
2021-02-28,0,2,1,0,5,6.67,2021,Sunday
2021-03-01,0,1,2,2,4,5.48,2021,Monday
2021-03-02,0,1,1,4,14,6.83,2021,Tuesday
2021-03-03,0,2,2,2,6,7.91,2021,Wednesday
2021-03-04,0,2,2,3,6,7.44,2021,Thursday
2021-03-05,1,0,1,3,3,8.69,2021,Friday
2021-03-06,0,3,1,2,6,6.55,2021,Saturday
2021-03-07,0,0,1,2,6,6.29,2021,Sunday
2021-03-08,0,0,2,4,8,7.69,2021,Monday
2021-03-09,0,0,1,2,6,7.64,2021,Tuesday
2021-03-10,0,1,4,6,5,7.46,2021,Wednesday
2021-03-11,0,2,2,4,5,7.92,2021,Thursday
2021-03-12,1,1,3,4,7,11.07,2021,Friday
2021-03-13,1,0,2,4,8,9.9,2021,Saturday
2021-03-14,0,1,2,2,5,8.87,2021,Sunday
2021-03-15,1,2,2,1,4,7.87,2021,Monday
2021-03-16,0,0,1,2,9,7.6,2021,Tuesday
2021-03-17,0,0,0,5,6,6.19,2021,Wednesday
2021-03-18,0,2,0,1,4,4.49,2021,Thursday
2021-03-19,0,1,2,3,2,3.32,2021,Friday
2021-03-20,0,0,0,3,9,3.95,2021,Saturday
2021-03-21,0,0,0,1,5,4.46,2021,Sunday
2021-03-22,0,0,4,7,8,6.05,2021,Monday
2021-03-23,0,0,1,2,2,6.34,2021,Tuesday
2021-03-24,0,0,0,3,9,8.69,2021,Wednesday
2021-03-25,0,1,2,6,13,10.05,2021,Thursday
2021-03-26,0,0,0,5,8,9.44,2021,Friday
2021-03-27,0,1,0,4,13,10.18,2021,Saturday
2021-03-28,1,1,0,2,7,11.87,2021,Sunday
2021-03-29,0,1,1,6,11,13.87,2021,Monday
2021-03-30,0,2,3,5,4,14.67,2021,Tuesday
2021-03-31,0,2,2,3,8,16.45,2021,Wednesday
2021-04-01,0,3,1,1,11,16.27,2021,Thursday
2021-04-02,0,1,1,1,4,13.16,2021,Friday
2021-04-03,0,0,1,3,8,11.29,2021,Saturday
2021-04-04,0,4,1,4,1,9.2,2021,Sunday
2021-04-05,0,0,1,1,10,8.46,2021,Monday
2021-04-06,0,0,3,6,6,6.48,2021,Tuesday
2021-04-07,0,1,1,1,7,5.57,2021,Wednesday
2021-04-08,0,0,2,3,5,6.41,2021,Thursday
2021-04-09,0,1,2,10,3,8.19,2021,Friday
2021-04-10,0,1,1,6,6,9.06,2021,Saturday
2021-04-11,2,1,3,1,11,11.22,2021,Sunday
2021-04-12,0,0,0,7,13,11.28,2021,Monday
2021-04-13,0,1,0,4,8,7.1,2021,Tuesday
2021-04-14,0,1,2,2,10,7.02,2021,Wednesday
2021-04-15,0,1,1,2,10,7.26,2021,Thursday
2021-04-16,0,1,2,2,3,7.16,2021,Friday
2021-04-17,0,2,0,4,6,7.34,2021,Saturday
2021-04-18,0,0,1,6,4,7.7,2021,Sunday
2021-04-19,0,2,2,4,9,8.45,2021,Monday
2021-04-20,0,1,1,2,11,10.01,2021,Tuesday
2021-04-21,1,0,0,7,9,10.49,2021,Wednesday
2021-04-22,0,1,0,6,8,11.35,2021,Thursday
2021-04-23,0,1,0,5,5,11.39,2021,Friday
2021-04-24,0,0,0,2,5,13.52,2021,Saturday
2021-04-25,0,1,2,2,9,14.61,2021,Sunday
2021-04-26,0,1,2,6,9,13.7,2021,Monday
2021-04-27,0,0,2,3,6,13,2021,Tuesday
2021-04-28,0,0,1,6,8,12.77,2021,Wednesday
2021-04-29,0,2,1,4,4,13.64,2021,Thursday
2021-04-30,0,0,2,6,10,15.49,2021,Friday
2021-05-01,0,1,0,4,14,15.12,2021,Saturday
2021-05-02,0,2,1,6,1,13.11,2021,Sunday
2021-05-03,0,1,1,1,6,12.99,2021,Monday
2021-05-04,0,1,2,2,6,12.73,2021,Tuesday
2021-05-05,0,2,1,6,6,13.81,2021,Wednesday
2021-05-06,0,1,3,7,6,13.98,2021,Thursday
2021-05-07,0,0,3,6,9,14.66,2021,Friday
2021-05-08,1,0,1,2,4,14.8,2021,Saturday
2021-05-09,0,1,3,3,5,17.28,2021,Sunday
2021-05-10,0,2,4,6,6,18.3,2021,Monday
2021-05-11,0,2,1,7,4,14.33,2021,Tuesday
2021-05-12,0,0,1,1,10,13.25,2021,Wednesday
2021-05-13,0,0,3,5,6,12.96,2021,Thursday
2021-05-14,0,0,3,2,7,12.89,2021,Friday
2021-05-15,0,1,0,3,5,13.6,2021,Saturday
2021-05-16,0,1,2,2,9,14.12,2021,Sunday
2021-05-17,0,0,0,2,5,14.7,2021,Monday
2021-05-18,1,2,1,2,2,13.87,2021,Tuesday
2021-05-19,0,1,1,2,3,14.88,2021,Wednesday
2021-05-20,0,1,0,4,4,14.86,2021,Thursday
2021-05-21,0,0,3,5,3,15.09,2021,Friday
2021-05-22,0,2,1,3,6,15.7,2021,Saturday
2021-05-23,0,0,2,2,4,17.81,2021,Sunday
2021-05-24,0,1,2,2,6,16.59,2021,Monday
2021-05-25,0,0,2,2,9,14.87,2021,Tuesday
2021-05-26,1,3,0,3,4,15.23,2021,Wednesday
2021-05-27,0,2,3,4,9,15.7,2021,Thursday
2021-05-28,0,2,0,5,3,18.05,2021,Friday
2021-05-29,0,1,1,3,3,19.07,2021,Saturday
2021-05-30,0,2,0,0,2,17.16,2021,Sunday
2021-05-31,0,1,0,3,6,16.63,2021,Monday
2021-06-01,0,0,0,3,9,18.1,2021,Tuesday
2021-06-02,0,1,2,1,5,19.64,2021,Wednesday
2021-06-03,0,0,0,1,6,20.8,2021,Thursday
2021-06-04,0,1,2,3,7,21.53,2021,Friday
2021-06-05,0,3,1,1,5,19.09,2021,Saturday
2021-06-06,0,0,0,4,7,19.51,2021,Sunday
2021-06-07,0,1,1,2,5,19.15,2021,Monday
2021-06-08,0,1,3,1,4,18.87,2021,Tuesday
2021-06-09,0,0,1,5,4,20.08,2021,Wednesday
2021-06-10,0,0,2,2,11,20.82,2021,Thursday
2021-06-11,0,0,1,2,6,20.74,2021,Friday
2021-06-12,0,1,1,0,6,22.05,2021,Saturday
2021-06-13,0,0,1,3,0,23.25,2021,Sunday
2021-06-14,0,0,0,2,3,24.02,2021,Monday
2021-06-15,1,0,1,8,6,23.58,2021,Tuesday
2021-06-16,1,0,2,2,9,24.03,2021,Wednesday
2021-06-17,0,1,4,6,6,24.08,2021,Thursday
2021-06-18,0,0,2,0,4,23.77,2021,Friday
2021-06-19,0,1,0,2,11,23.77,2021,Saturday
2021-06-20,0,0,1,5,5,24.87,2021,Sunday
2021-06-21,0,1,1,1,6,24.32,2021,Monday
2021-06-22,1,1,2,1,10,23.93,2021,Tuesday
2021-06-23,0,2,1,1,3,25.86,2021,Wednesday
2021-06-24,1,1,0,1,6,24.09,2021,Thursday
2021-06-25,0,0,2,2,3,21.88,2021,Friday
2021-06-26,1,0,3,2,6,23.81,2021,Saturday
2021-06-27,0,0,1,2,4,25.95,2021,Sunday
2021-06-28,0,2,1,3,4,26.8,2021,Monday
2021-06-29,0,1,1,3,9,24.21,2021,Tuesday
2021-06-30,1,0,1,3,5,21.8,2021,Wednesday
2021-07-01,0,0,2,3,5,21.37,2021,Thursday
2021-07-02,0,1,2,2,5,22.59,2021,Friday
2021-07-03,0,4,1,3,6,23.84,2021,Saturday
2021-07-04,0,0,1,4,7,22.1,2021,Sunday
2021-07-05,0,0,1,3,9,23.35,2021,Monday
2021-07-06,0,1,2,3,4,25.23,2021,Tuesday
2021-07-07,1,1,0,5,7,26.56,2021,Wednesday
2021-07-08,0,1,1,1,4,24.68,2021,Thursday
2021-07-09,0,1,1,6,5,22.79,2021,Friday
2021-07-10,0,0,2,2,7,24.91,2021,Saturday
2021-07-11,0,0,1,6,9,23.19,2021,Sunday
2021-07-12,0,0,1,5,1,24.79,2021,Monday
2021-07-13,0,0,3,4,12,21.81,2021,Tuesday
2021-07-14,0,1,0,0,7,18.91,2021,Wednesday
2021-07-15,0,2,0,6,5,20.81,2021,Thursday
2021-07-16,0,2,1,2,3,19.35,2021,Friday
2021-07-17,0,1,0,3,3,19.13,2021,Saturday
2021-07-18,1,0,1,4,7,22.83,2021,Sunday
2021-07-19,0,2,0,2,7,24.18,2021,Monday
2021-07-20,0,0,0,3,9,24.62,2021,Tuesday
2021-07-21,0,1,3,5,8,26.19,2021,Wednesday
2021-07-22,0,0,2,5,9,25.83,2021,Thursday
2021-07-23,0,0,0,3,5,25.15,2021,Friday
2021-07-24,0,0,2,3,6,25.62,2021,Saturday
2021-07-25,0,0,1,1,11,25.27,2021,Sunday
2021-07-26,0,3,1,3,5,25,2021,Monday
2021-07-27,0,0,2,1,3,25.45,2021,Tuesday
2021-07-28,0,1,3,4,7,25.02,2021,Wednesday
2021-07-29,0,0,1,3,6,25.82,2021,Thursday
2021-07-30,0,0,4,1,9,26.51,2021,Friday
2021-07-31,0,0,4,5,11,26.18,2021,Saturday
2021-08-01,0,1,1,3,8,22.65,2021,Sunday
2021-08-02,0,0,4,2,9,21.07,2021,Monday
2021-08-03,1,0,1,6,4,21.53,2021,Tuesday
2021-08-04,0,1,0,1,5,22.18,2021,Wednesday
2021-08-05,1,0,1,5,8,20.27,2021,Thursday
2021-08-06,0,0,1,5,5,21.29,2021,Friday
2021-08-07,0,1,1,4,4,23.67,2021,Saturday
2021-08-08,0,2,2,6,4,23.79,2021,Sunday
2021-08-09,2,1,0,3,5,25.12,2021,Monday
2021-08-10,0,1,2,2,3,27.22,2021,Tuesday
2021-08-11,0,0,3,5,7,27.92,2021,Wednesday
2021-08-12,0,1,2,2,8,28.85,2021,Thursday
2021-08-13,0,2,2,3,9,28.88,2021,Friday
2021-08-14,0,2,0,3,11,29.42,2021,Saturday
2021-08-15,0,0,1,5,8,29.5,2021,Sunday
2021-08-16,0,1,1,2,9,26.7,2021,Monday
2021-08-17,0,0,1,2,11,25.08,2021,Tuesday
2021-08-18,0,0,0,3,5,23.39,2021,Wednesday
2021-08-19,1,2,5,2,6,24.06,2021,Thursday
2021-08-20,0,0,2,6,14,24.84,2021,Friday
2021-08-21,0,1,2,2,3,26.54,2021,Saturday
2021-08-22,1,2,3,5,7,24.93,2021,Sunday
2021-08-23,0,1,6,2,3,22.9,2021,Monday
2021-08-24,1,0,1,3,4,23.01,2021,Tuesday
2021-08-25,0,1,3,6,3,21.96,2021,Wednesday
2021-08-26,0,0,1,3,5,21.69,2021,Thursday
2021-08-27,0,0,1,6,4,21.09,2021,Friday
2021-08-28,1,0,0,1,8,18.4,2021,Saturday
2021-08-29,0,0,0,1,13,19.09,2021,Sunday
2021-08-30,0,0,1,0,6,20.52,2021,Monday
2021-08-31,0,0,1,1,7,21,2021,Tuesday
2021-09-01,0,0,1,2,4,20.78,2021,Wednesday
2021-09-02,0,0,1,4,6,21.18,2021,Thursday
2021-09-03,0,0,1,6,6,21.22,2021,Friday
2021-09-04,0,1,3,0,8,21.6,2021,Saturday
2021-09-05,0,1,0,2,6,21.3,2021,Sunday
2021-09-06,1,2,0,3,3,20.66,2021,Monday
2021-09-07,0,3,0,0,4,20.58,2021,Tuesday
2021-09-08,0,0,2,5,7,21.1,2021,Wednesday
2021-09-09,1,2,4,2,8,21.81,2021,Thursday
2021-09-10,0,1,0,4,7,23.34,2021,Friday
2021-09-11,1,0,2,7,6,23.08,2021,Saturday
2021-09-12,0,1,0,4,4,22.28,2021,Sunday
2021-09-13,0,1,1,4,6,22.95,2021,Monday
2021-09-14,0,0,1,1,6,22.83,2021,Tuesday
2021-09-15,1,1,1,2,11,21.91,2021,Wednesday
2021-09-16,0,0,0,4,8,20.19,2021,Thursday
2021-09-17,0,1,0,1,8,19.34,2021,Friday
2021-09-18,0,0,3,5,4,19.83,2021,Saturday
2021-09-19,0,1,1,1,4,18.24,2021,Sunday
2021-09-20,0,1,1,2,7,18.38,2021,Monday
2021-09-21,0,2,0,6,3,16.72,2021,Tuesday
2021-09-22,1,2,3,4,5,16.84,2021,Wednesday
2021-09-23,0,1,1,5,6,17.86,2021,Thursday
2021-09-24,0,1,0,5,8,18.66,2021,Friday
2021-09-25,0,1,0,1,5,20.36,2021,Saturday
2021-09-26,0,1,1,4,6,19.8,2021,Sunday
2021-09-27,0,2,3,3,7,20.66,2021,Monday
2021-09-28,0,2,0,1,12,19.55,2021,Tuesday
2021-09-29,1,1,2,2,8,19.64,2021,Wednesday
2021-09-30,0,1,1,5,4,18.36,2021,Thursday
2021-10-01,0,0,1,1,8,17.9,2021,Friday
2021-10-02,0,1,1,3,4,18.2,2021,Saturday
2021-10-03,0,0,3,2,5,18.41,2021,Sunday
2021-10-04,0,1,1,7,8,18.57,2021,Monday
2021-10-05,0,0,3,4,9,17.6,2021,Tuesday
2021-10-06,0,1,5,2,4,15.49,2021,Wednesday
2021-10-07,0,2,2,1,7,12.45,2021,Thursday
2021-10-08,0,2,2,4,3,14.28,2021,Friday
2021-10-09,0,0,1,3,7,13.46,2021,Saturday
2021-10-10,0,0,0,2,9,11.85,2021,Sunday
2021-10-11,0,2,2,1,7,11.91,2021,Monday
2021-10-12,1,2,1,4,6,12.13,2021,Tuesday
2021-10-13,0,2,1,4,7,10.73,2021,Wednesday
2021-10-14,0,2,3,4,5,9.17,2021,Thursday
2021-10-15,0,0,0,4,6,9.62,2021,Friday
2021-10-16,0,1,0,4,11,10.24,2021,Saturday
2021-10-17,1,0,0,0,7,11.32,2021,Sunday
2021-10-18,0,0,1,6,10,11.85,2021,Monday
2021-10-19,2,0,1,4,4,12.12,2021,Tuesday
2021-10-20,0,0,2,3,7,12.29,2021,Wednesday
2021-10-21,0,0,1,1,6,15.27,2021,Thursday
2021-10-22,0,1,2,1,9,14.35,2021,Friday
2021-10-23,0,0,1,2,5,14.34,2021,Saturday
2021-10-24,0,3,0,1,9,12.33,2021,Sunday
2021-10-25,0,0,2,0,7,10.89,2021,Monday
2021-10-26,0,1,3,5,6,11.86,2021,Tuesday
2021-10-27,0,1,2,2,6,12.31,2021,Wednesday
2021-10-28,0,0,0,4,6,10.56,2021,Thursday
2021-10-29,0,2,1,0,6,11.05,2021,Friday
2021-10-30,1,1,1,2,8,11.58,2021,Saturday
2021-10-31,0,1,0,7,10,12.85,2021,Sunday
2021-11-01,0,2,1,2,9,13.73,2021,Monday
2021-11-02,0,1,0,3,4,12.78,2021,Tuesday
2021-11-03,0,0,2,3,7,12.63,2021,Wednesday
2021-11-04,1,2,1,4,5,11.96,2021,Thursday
2021-11-05,0,1,3,0,6,9.78,2021,Friday
2021-11-06,1,0,0,2,6,10.24,2021,Saturday
2021-11-07,0,1,0,2,10,10.07,2021,Sunday
2021-11-08,0,1,2,0,8,10.82,2021,Monday
2021-11-09,0,0,0,7,5,9.95,2021,Tuesday
2021-11-10,0,0,1,0,8,11.98,2021,Wednesday
2021-11-11,0,0,2,2,8,12.5,2021,Thursday
2021-11-12,0,1,1,3,8,13.33,2021,Friday
2021-11-13,1,0,0,4,7,11.63,2021,Saturday
2021-11-14,0,2,0,3,6,11.66,2021,Sunday
2021-11-15,0,0,0,3,4,12.69,2021,Monday
2021-11-16,0,0,0,4,5,9.7,2021,Tuesday
2021-11-17,0,0,0,6,8,10.45,2021,Wednesday
2021-11-18,0,1,0,3,9,10.59,2021,Thursday
2021-11-19,0,0,1,1,8,10.08,2021,Friday
2021-11-20,0,3,0,2,4,9.72,2021,Saturday
2021-11-21,1,0,1,3,6,9.09,2021,Sunday
2021-11-22,0,0,1,7,5,10.3,2021,Monday
2021-11-23,0,1,0,2,5,9.16,2021,Tuesday
2021-11-24,0,2,0,4,6,7.2,2021,Wednesday
2021-11-25,0,1,3,2,3,8.25,2021,Thursday
2021-11-26,0,1,1,3,7,7.85,2021,Friday
2021-11-27,0,0,0,2,4,8.58,2021,Saturday
2021-11-28,0,2,0,3,5,6.12,2021,Sunday
2021-11-29,0,1,0,0,8,3.55,2021,Monday
2021-11-30,0,2,0,1,3,2.94,2021,Tuesday
2021-12-01,0,1,2,8,5,5.89,2021,Wednesday
2021-12-02,0,0,1,4,7,7.66,2021,Thursday
2021-12-03,1,0,1,4,4,5.46,2021,Friday
2021-12-04,0,1,3,2,8,4.69,2021,Saturday
2021-12-05,0,2,0,4,9,7.62,2021,Sunday
2021-12-06,0,3,2,1,8,3.98,2021,Monday
2021-12-07,0,2,1,1,6,2.96,2021,Tuesday
2021-12-08,0,1,1,8,7,4.53,2021,Wednesday
2021-12-09,0,0,2,4,6,4.02,2021,Thursday
2021-12-10,0,1,1,4,7,2.48,2021,Friday
2021-12-11,1,0,2,3,6,3.84,2021,Saturday
2021-12-12,0,0,1,4,3,3.77,2021,Sunday
2021-12-13,0,1,1,1,10,5.65,2021,Monday
2021-12-14,0,1,0,0,7,4.45,2021,Tuesday
2021-12-15,0,1,2,0,7,3.93,2021,Wednesday
2021-12-16,0,0,2,4,6,3.89,2021,Thursday
2021-12-17,0,0,2,3,8,3.82,2021,Friday
2021-12-18,0,1,2,3,6,2.03,2021,Saturday
2021-12-19,0,0,1,3,4,2.79,2021,Sunday
2021-12-20,0,2,1,7,5,4.21,2021,Monday
2021-12-21,0,0,0,2,8,4.33,2021,Tuesday
2021-12-22,0,1,1,3,8,5.37,2021,Wednesday
2021-12-23,0,1,1,3,4,4.27,2021,Thursday
2021-12-24,0,0,2,6,7,9.79,2021,Friday
2021-12-25,0,0,0,4,8,10.79,2021,Saturday
2021-12-26,0,0,0,3,4,9.21,2021,Sunday
2021-12-27,0,1,1,4,7,8.26,2021,Monday
2021-12-28,0,0,3,3,11,9.61,2021,Tuesday
2021-12-29,0,4,2,7,10,9.97,2021,Wednesday
2021-12-30,0,1,3,3,4,7.82,2021,Thursday
2021-12-31,0,3,2,4,11,8.54,2021,Friday
